Date,Open,High,Low,Close,Adj Close,Volume,Dividends,Stock Splits
2023-05-30 00:00:00+05:30,503.8999938964844,529.9500122070312,485.79998779296875,520.9000244140625,513.3630981445312,4901592,0.0,0.0
2023-05-31 00:00:00+05:30,524.0,540.0,521.0,537.0999755859375,529.3286743164062,856110,0.0,0.0
2023-06-01 00:00:00+05:30,534.0,545.75,532.9500122070312,538.9000244140625,531.1026611328125,399521,0.0,0.0
2023-06-02 00:00:00+05:30,540.9500122070312,542.0,530.9500122070312,535.9000244140625,528.1460571289062,364862,0.0,0.0
2023-06-05 00:00:00+05:30,537.0,538.9500122070312,510.0,522.8499755859375,515.2848510742188,1339701,0.0,0.0
2023-06-06 00:00:00+05:30,524.75,529.5,517.0,525.75,518.1428833007812,94784,0.0,0.0
2023-06-07 00:00:00+05:30,526.2000122070312,536.3499755859375,525.0999755859375,528.75,521.0994873046875,225040,0.0,0.0
2023-06-08 00:00:00+05:30,528.0,539.5,528.0,530.5499877929688,522.8734130859375,145610,0.0,0.0
2023-06-09 00:00:00+05:30,530.5999755859375,536.9500122070312,530.0,535.0499877929688,527.3082885742188,124648,0.0,0.0
2023-06-12 00:00:00+05:30,537.0,542.5,531.0999755859375,534.75,527.0126953125,189801,0.0,0.0
2023-06-13 00:00:00+05:30,534.75,538.5,530.2000122070312,534.5499877929688,526.8155517578125,186118,0.0,0.0
2023-06-14 00:00:00+05:30,538.7000122070312,538.7000122070312,528.0,533.5999755859375,525.8793334960938,233260,0.0,0.0
2023-06-15 00:00:00+05:30,531.9000244140625,536.7000122070312,523.1500244140625,528.1500244140625,520.5081787109375,321153,0.0,0.0
2023-06-16 00:00:00+05:30,529.0,537.0,524.4000244140625,534.4500122070312,526.717041015625,170104,0.0,0.0
2023-06-19 00:00:00+05:30,535.0999755859375,549.0999755859375,534.0499877929688,543.8499755859375,535.9810180664062,491804,0.0,0.0
2023-06-20 00:00:00+05:30,543.8499755859375,547.7000122070312,533.0,538.7999877929688,531.0040893554688,131452,0.0,0.0
2023-06-21 00:00:00+05:30,540.0,541.9500122070312,532.5,534.25,526.5198974609375,131300,0.0,0.0
2023-06-22 00:00:00+05:30,537.0,539.2999877929688,528.0999755859375,531.0499877929688,523.3662109375,87503,0.0,0.0
2023-06-23 00:00:00+05:30,534.7000122070312,534.8499755859375,519.7999877929688,521.2000122070312,513.6587524414062,186497,0.0,0.0
2023-06-26 00:00:00+05:30,521.5999755859375,534.0,516.0,523.2999877929688,515.7283935546875,174776,0.0,0.0
2023-06-27 00:00:00+05:30,526.0,541.0,524.0999755859375,538.0,530.2156982421875,117262,0.0,0.0
2023-06-28 00:00:00+05:30,540.0499877929688,543.5,525.0,528.7999877929688,521.1488037109375,180889,0.0,0.0
2023-06-30 00:00:00+05:30,529.2999877929688,540.0,527.0499877929688,536.5499877929688,528.7866821289062,809632,0.0,0.0
2023-07-06 00:00:00+05:30,,,,,,0,7.0,0.0
2023-07-07 00:00:00+05:30,554.9500122070312,559.7999877929688,550.0,553.9000244140625,545.8856811523438,109170,0.0,0.0
2023-07-10 00:00:00+05:30,555.0499877929688,559.0499877929688,541.0,543.6500244140625,535.783935546875,93764,0.0,0.0
2023-07-14 00:00:00+05:30,560.9000244140625,566.9000244140625,555.0,564.7000122070312,556.5293579101562,138095,0.0,0.0
2023-07-17 00:00:00+05:30,567.0,568.9500122070312,558.0,562.5999755859375,554.459716796875,165507,0.0,0.0
2023-07-19 00:00:00+05:30,564.0,564.9000244140625,559.7000122070312,562.0499877929688,553.9176635742188,138231,0.0,0.0
2023-07-20 00:00:00+05:30,558.0,569.9500122070312,558.0,564.2000122070312,556.03662109375,227765,0.0,0.0
2023-07-21 00:00:00+05:30,561.9000244140625,568.7000122070312,553.25,564.9500122070312,556.7757568359375,225466,0.0,0.0
2023-07-24 00:00:00+05:30,565.0,577.4000244140625,564.3499755859375,575.1500244140625,566.8281860351562,366675,0.0,0.0
2023-07-26 00:00:00+05:30,601.75,611.1500244140625,593.6500244140625,601.7999877929688,593.092529296875,1035164,0.0,0.0
2023-07-28 00:00:00+05:30,621.7999877929688,626.0,615.0499877929688,623.5499877929688,614.52783203125,207426,0.0,0.0
2023-08-03 00:00:00+05:30,632.4500122070312,634.0,625.5,630.7000122070312,621.5744018554688,396349,0.0,0.0
2023-08-04 00:00:00+05:30,634.0,646.9500122070312,573.9500122070312,606.2000122070312,597.428955078125,2246582,0.0,0.0
2023-08-07 00:00:00+05:30,599.2999877929688,637.0,599.2999877929688,633.0999755859375,623.9396362304688,376919,0.0,0.0
2023-08-08 00:00:00+05:30,639.0,643.9500122070312,622.0999755859375,624.0,614.9713134765625,144878,0.0,0.0
2023-08-09 00:00:00+05:30,627.9000244140625,640.0,618.0,639.0999755859375,629.8528442382812,170962,0.0,0.0
2023-08-10 00:00:00+05:30,644.0,649.8499755859375,637.9000244140625,644.9000244140625,635.5689697265625,310694,0.0,0.0
2023-08-11 00:00:00+05:30,649.0,654.9500122070312,629.9500122070312,641.5499877929688,632.2673950195312,257745,0.0,0.0
2023-08-14 00:00:00+05:30,641.5499877929688,655.0,620.0,642.25,632.957275390625,167222,0.0,0.0
2023-08-16 00:00:00+05:30,643.5,650.7000122070312,634.0499877929688,637.9500122070312,628.719482421875,94464,0.0,0.0
2023-08-17 00:00:00+05:30,638.9000244140625,642.7999877929688,627.0499877929688,636.2000122070312,626.994873046875,98274,0.0,0.0
2023-08-18 00:00:00+05:30,636.2000122070312,641.0,628.0499877929688,636.8499755859375,627.6353759765625,211740,0.0,0.0
2023-08-21 00:00:00+05:30,638.9000244140625,640.0,631.0499877929688,638.4500122070312,629.2122802734375,76193,0.0,0.0
2023-08-22 00:00:00+05:30,638.4000244140625,639.3499755859375,629.0499877929688,634.4000244140625,625.2208862304688,76494,0.0,0.0
2023-08-23 00:00:00+05:30,635.9500122070312,645.0,633.0499877929688,635.4000244140625,626.2064208984375,61244,0.0,0.0
2023-08-24 00:00:00+05:30,635.4000244140625,641.7000122070312,611.7999877929688,633.2000122070312,624.0382080078125,498981,0.0,0.0
2023-08-25 00:00:00+05:30,627.0499877929688,637.4500122070312,613.0,623.8499755859375,614.823486328125,324521,0.0,0.0
2023-08-28 00:00:00+05:30,626.9500122070312,637.5999755859375,624.2000122070312,635.4500122070312,626.2556762695312,101919,0.0,0.0
2023-08-29 00:00:00+05:30,635.0499877929688,649.2000122070312,629.0499877929688,646.5499877929688,637.1950073242188,189502,0.0,0.0
2023-08-30 00:00:00+05:30,648.0,652.0,634.5499877929688,641.75,632.4644775390625,148252,0.0,0.0
2023-08-31 00:00:00+05:30,638.0,667.2999877929688,638.0,660.4500122070312,650.8939819335938,504848,0.0,0.0
2023-09-01 00:00:00+05:30,663.0,664.9000244140625,652.0499877929688,656.0999755859375,646.6068725585938,79367,0.0,0.0
2023-09-04 00:00:00+05:30,659.7999877929688,689.9000244140625,659.75,680.7999877929688,670.949462890625,227526,0.0,0.0
2023-09-05 00:00:00+05:30,684.0,687.9000244140625,669.0499877929688,682.4000244140625,672.5263671875,242122,0.0,0.0
2023-09-06 00:00:00+05:30,685.3499755859375,688.75,668.5,670.5,660.7985229492188,288091,0.0,0.0
2023-09-07 00:00:00+05:30,677.0,680.0499877929688,661.0,670.8499755859375,661.1434326171875,115608,0.0,0.0
2023-09-08 00:00:00+05:30,674.0,677.2000122070312,660.0,662.7999877929688,653.2099609375,327309,0.0,0.0
2023-09-11 00:00:00+05:30,663.0,674.9500122070312,662.9500122070312,669.9000244140625,660.207275390625,116044,0.0,0.0
2023-09-12 00:00:00+05:30,672.0,674.7999877929688,636.0499877929688,639.1500244140625,629.9021606445312,142762,0.0,0.0
2023-09-13 00:00:00+05:30,644.0,655.9000244140625,631.2000122070312,647.0,637.6385498046875,154627,0.0,0.0
2023-09-14 00:00:00+05:30,652.0,660.0499877929688,650.0499877929688,656.2999877929688,646.803955078125,127504,0.0,0.0
2023-09-15 00:00:00+05:30,657.0,677.7000122070312,632.9000244140625,661.3499755859375,651.7808837890625,651671,0.0,0.0
2023-09-18 00:00:00+05:30,654.0,662.1500244140625,652.0499877929688,658.0,648.4793701171875,57241,0.0,0.0
2023-09-20 00:00:00+05:30,650.0,654.5499877929688,637.7000122070312,641.9500122070312,632.66162109375,90779,0.0,0.0
2023-09-21 00:00:00+05:30,642.0,653.3499755859375,630.0,632.5999755859375,623.4468383789062,147448,0.0,0.0
2023-09-22 00:00:00+05:30,633.0,636.7999877929688,617.0999755859375,623.5,614.4785766601562,172255,0.0,0.0
2023-09-25 00:00:00+05:30,623.5,634.0499877929688,623.2999877929688,630.0499877929688,620.9337768554688,42154,0.0,0.0
2023-09-26 00:00:00+05:30,630.0,640.1500244140625,620.25,632.1500244140625,623.00341796875,79386,0.0,0.0
2023-09-27 00:00:00+05:30,632.0,637.0,627.2000122070312,629.2999877929688,620.1946411132812,48811,0.0,0.0
2023-09-28 00:00:00+05:30,627.0,642.7999877929688,621.0,628.2000122070312,619.1105346679688,71749,0.0,0.0
2023-09-29 00:00:00+05:30,628.2000122070312,638.9500122070312,625.25,631.5499877929688,622.412109375,46663,0.0,0.0
2023-10-03 00:00:00+05:30,659.9000244140625,677.5,639.9000244140625,649.9000244140625,640.49658203125,1815132,0.0,0.0
2023-10-04 00:00:00+05:30,655.0,655.0,641.0,652.5,643.0589599609375,176657,0.0,0.0
2023-10-05 00:00:00+05:30,655.0,661.7000122070312,641.1500244140625,646.8499755859375,637.4906616210938,111189,0.0,0.0
2023-10-06 00:00:00+05:30,646.9000244140625,660.9500122070312,633.1500244140625,636.2999877929688,627.0933837890625,89733,0.0,0.0
2023-10-09 00:00:00+05:30,636.2999877929688,667.4500122070312,626.0,636.4000244140625,627.1919555664062,607478,0.0,0.0
2023-10-10 00:00:00+05:30,638.0,652.0,633.0999755859375,637.5999755859375,628.3745727539062,102000,0.0,0.0
2023-10-11 00:00:00+05:30,639.0,653.0,639.0,649.1500244140625,639.7575073242188,105784,0.0,0.0
2023-10-12 00:00:00+05:30,650.8499755859375,662.0,647.5499877929688,659.2999877929688,649.7605590820312,135017,0.0,0.0
2023-10-13 00:00:00+05:30,657.9500122070312,661.9500122070312,641.0,658.9000244140625,649.3663940429688,96289,0.0,0.0
2023-10-16 00:00:00+05:30,659.9500122070312,709.6500244140625,659.9500122070312,699.75,689.6253051757812,1646644,0.0,0.0
2023-10-17 00:00:00+05:30,703.0,703.0,680.5,685.25,675.3351440429688,289126,0.0,0.0
2023-10-18 00:00:00+05:30,689.8499755859375,707.3499755859375,678.4500122070312,701.7999877929688,691.6456298828125,366715,0.0,0.0
2023-10-19 00:00:00+05:30,699.0,706.8499755859375,691.7999877929688,702.4500122070312,692.2862548828125,117764,0.0,0.0
2023-10-20 00:00:00+05:30,702.4500122070312,712.9000244140625,695.0499877929688,702.75,692.5818481445312,245504,0.0,0.0
2023-10-23 00:00:00+05:30,701.9500122070312,723.9500122070312,693.0499877929688,701.7000122070312,691.547119140625,640027,0.0,0.0
2023-10-25 00:00:00+05:30,690.0,705.0,658.5,666.2999877929688,656.6593017578125,617590,0.0,0.0
2023-10-26 00:00:00+05:30,668.0,674.9500122070312,639.2999877929688,649.25,639.8560180664062,350711,0.0,0.0
2023-10-27 00:00:00+05:30,655.9000244140625,661.75,636.9000244140625,639.6500244140625,630.3948974609375,229758,0.0,0.0
2023-10-30 00:00:00+05:30,640.0,654.25,632.0499877929688,649.9000244140625,640.49658203125,186301,0.0,0.0
2023-10-31 00:00:00+05:30,649.9000244140625,674.5499877929688,649.8499755859375,663.0999755859375,653.505615234375,257012,0.0,0.0
2023-11-01 00:00:00+05:30,665.9000244140625,681.0,652.0499877929688,659.0,649.4649047851562,523389,0.0,0.0
2023-11-02 00:00:00+05:30,659.0,664.8499755859375,645.5,651.6500244140625,642.2213134765625,182463,0.0,0.0
2023-11-03 00:00:00+05:30,647.0,654.0,627.0,631.75,622.6091918945312,426607,0.0,0.0
2023-11-06 00:00:00+05:30,636.0,639.0,603.7999877929688,615.25,606.347900390625,944536,0.0,0.0
2023-11-07 00:00:00+05:30,617.4000244140625,617.4000244140625,601.25,610.0499877929688,601.22314453125,359883,0.0,0.0
2023-11-08 00:00:00+05:30,616.7000122070312,616.9000244140625,603.0,605.9000244140625,597.1332397460938,202260,0.0,0.0
2023-11-09 00:00:00+05:30,606.9000244140625,619.6500244140625,602.0999755859375,614.75,605.8551635742188,154351,0.0,0.0
2023-11-10 00:00:00+05:30,614.75,634.7000122070312,614.75,630.25,621.1309204101562,203744,0.0,0.0
2023-11-13 00:00:00+05:30,633.9000244140625,663.9000244140625,625.0999755859375,658.5999755859375,649.0706787109375,319698,0.0,0.0
2023-11-15 00:00:00+05:30,663.9500122070312,664.0,639.0999755859375,658.0,648.4793701171875,233831,0.0,0.0
2023-11-16 00:00:00+05:30,656.2999877929688,658.8499755859375,639.0,653.5999755859375,644.1430053710938,601099,0.0,0.0
2023-11-17 00:00:00+05:30,653.5999755859375,673.9000244140625,653.5999755859375,666.0,656.3636474609375,398010,0.0,0.0
2023-11-20 00:00:00+05:30,666.0,666.0499877929688,641.2999877929688,649.4000244140625,640.0038452148438,374199,0.0,0.0
2023-11-21 00:00:00+05:30,654.7999877929688,661.9000244140625,649.4000244140625,652.75,643.3053588867188,812724,0.0,0.0
2023-11-22 00:00:00+05:30,655.0,657.0,636.4000244140625,641.0999755859375,631.8239135742188,248371,0.0,0.0
2023-11-23 00:00:00+05:30,641.0999755859375,645.9500122070312,631.5,643.25,633.9428100585938,325777,0.0,0.0
2023-11-24 00:00:00+05:30,645.0,645.5,633.4500122070312,636.4500122070312,627.2412109375,158814,0.0,0.0
2023-11-28 00:00:00+05:30,637.9500122070312,639.4500122070312,626.4500122070312,632.6500244140625,623.4962158203125,601553,0.0,0.0
2023-11-29 00:00:00+05:30,637.0,642.9500122070312,631.0499877929688,637.75,628.5223999023438,235359,0.0,0.0
2023-11-30 00:00:00+05:30,637.75,666.0,637.2000122070312,663.25,653.6534423828125,480347,0.0,0.0
2023-12-01 00:00:00+05:30,673.0,678.0,662.0,668.0,658.334716796875,236316,0.0,0.0
2023-12-04 00:00:00+05:30,690.0,721.9500122070312,684.0,696.1500244140625,686.077392578125,777369,0.0,0.0
2023-12-05 00:00:00+05:30,700.0,707.9500122070312,693.0499877929688,701.2000122070312,691.0543212890625,208390,0.0,0.0
2023-12-06 00:00:00+05:30,701.4500122070312,705.0,691.9500122070312,702.9000244140625,692.729736328125,131793,0.0,0.0
2023-12-07 00:00:00+05:30,704.0,713.9000244140625,695.2999877929688,708.2999877929688,698.0515747070312,216572,0.0,0.0
2023-12-08 00:00:00+05:30,711.2000122070312,713.4500122070312,671.0499877929688,684.0999755859375,674.2017211914062,107222,0.0,0.0
2023-12-11 00:00:00+05:30,687.9000244140625,689.5,673.5999755859375,679.0999755859375,669.2740478515625,292763,0.0,0.0
2023-12-12 00:00:00+05:30,683.9500122070312,689.4000244140625,681.9500122070312,684.9500122070312,675.0394897460938,101350,0.0,0.0
2023-12-13 00:00:00+05:30,687.75,688.6500244140625,665.25,682.3499755859375,672.47705078125,316821,0.0,0.0
2023-12-14 00:00:00+05:30,684.9500122070312,685.9000244140625,671.5,677.75,667.9436645507812,200754,0.0,0.0
2023-12-15 00:00:00+05:30,677.7000122070312,679.7999877929688,665.2999877929688,672.25,662.523193359375,212253,0.0,0.0
2023-12-18 00:00:00+05:30,674.9000244140625,674.9000244140625,666.0499877929688,668.4000244140625,658.7289428710938,81982,0.0,0.0
2023-12-19 00:00:00+05:30,670.6500244140625,672.0,665.0,668.4500122070312,658.7781982421875,92721,0.0,0.0
2023-12-20 00:00:00+05:30,670.0,679.9000244140625,630.2000122070312,641.5,632.2181396484375,271556,0.0,0.0
2023-12-21 00:00:00+05:30,635.0,647.9500122070312,626.9500122070312,631.1500244140625,622.0179443359375,257410,0.0,0.0
2023-12-22 00:00:00+05:30,636.0,643.6500244140625,628.8499755859375,631.1500244140625,622.0179443359375,233145,0.0,0.0
2023-12-26 00:00:00+05:30,635.6500244140625,653.4000244140625,631.1500244140625,640.5999755859375,631.3311157226562,353496,0.0,0.0
2023-12-27 00:00:00+05:30,644.9500122070312,652.9500122070312,642.0499877929688,649.1500244140625,639.7575073242188,131035,0.0,0.0
2023-12-28 00:00:00+05:30,650.9500122070312,660.0,650.0,657.5999755859375,648.0851440429688,166371,0.0,0.0
2023-12-29 00:00:00+05:30,690.0,728.75,681.25,709.2000122070312,698.9385986328125,6204398,0.0,0.0
2024-01-01 00:00:00+05:30,704.2999877929688,717.5,694.5999755859375,716.1500244140625,705.7880249023438,620474,0.0,0.0
2024-01-02 00:00:00+05:30,717.9500122070312,721.2000122070312,696.2000122070312,700.75,690.61083984375,219390,0.0,0.0
2024-01-03 00:00:00+05:30,700.7000122070312,716.7999877929688,696.5499877929688,711.5499877929688,701.2545776367188,329281,0.0,0.0
2024-01-04 00:00:00+05:30,709.0,753.8499755859375,706.0499877929688,738.7999877929688,728.1102905273438,916722,0.0,0.0
2024-01-05 00:00:00+05:30,738.7999877929688,756.0,737.8499755859375,752.6500244140625,741.7598876953125,550525,0.0,0.0
2024-01-08 00:00:00+05:30,759.0,761.4000244140625,733.7000122070312,737.75,727.0755004882812,171330,0.0,0.0
2024-01-09 00:00:00+05:30,739.0,742.9000244140625,727.0,734.0999755859375,723.478271484375,152017,0.0,0.0
2024-01-10 00:00:00+05:30,732.0499877929688,743.0,728.0,739.7000122070312,728.9972534179688,112826,0.0,0.0
2024-01-11 00:00:00+05:30,742.0,748.5499877929688,735.7999877929688,743.5499877929688,732.7915649414062,113571,0.0,0.0
2024-01-12 00:00:00+05:30,750.0,750.0,730.5,734.9000244140625,724.2667236328125,87857,0.0,0.0
2024-01-15 00:00:00+05:30,734.9000244140625,741.25,724.5,730.9000244140625,720.3246459960938,161752,0.0,0.0
2024-01-16 00:00:00+05:30,730.9500122070312,753.1500244140625,727.9500122070312,747.9500122070312,737.1279296875,256186,0.0,0.0
2024-01-17 00:00:00+05:30,742.9500122070312,753.7999877929688,731.5499877929688,736.5,725.8435668945312,314114,0.0,0.0
2024-01-19 00:00:00+05:30,722.9500122070312,746.9500122070312,707.4500122070312,726.7999877929688,716.283935546875,184466,0.0,0.0
2024-01-23 00:00:00+05:30,727.0,734.6500244140625,715.0,722.0999755859375,711.6519165039062,103448,0.0,0.0
2024-01-24 00:00:00+05:30,722.0,744.0,710.75,737.2999877929688,726.6319580078125,161171,0.0,0.0
2024-01-25 00:00:00+05:30,737.7000122070312,760.0,737.7000122070312,744.7999877929688,734.0234375,402293,0.0,0.0
2024-01-29 00:00:00+05:30,752.0,765.0,743.4500122070312,758.7999877929688,747.8209228515625,301439,0.0,0.0
2024-01-30 00:00:00+05:30,758.7999877929688,771.0,754.0,765.7999877929688,754.7196044921875,261671,0.0,0.0
2024-01-31 00:00:00+05:30,769.4000244140625,798.4000244140625,769.2999877929688,795.2999877929688,783.7927856445312,384124,0.0,0.0
2024-02-01 00:00:00+05:30,799.7000122070312,828.7000122070312,790.0499877929688,802.7999877929688,791.1842651367188,495821,0.0,0.0
2024-02-02 00:00:00+05:30,804.9000244140625,839.5499877929688,799.0499877929688,833.6500244140625,821.5879516601562,290676,0.0,0.0
2024-02-05 00:00:00+05:30,836.9000244140625,860.0,833.5499877929688,855.5499877929688,843.1710205078125,173379,0.0,0.0
2024-02-06 00:00:00+05:30,862.9500122070312,890.5,839.0499877929688,881.5,868.7455444335938,184493,0.0,0.0
2024-02-07 00:00:00+05:30,885.0,900.0,841.0999755859375,849.0,836.7158203125,257064,0.0,0.0
2024-02-08 00:00:00+05:30,867.9500122070312,888.0,846.2000122070312,849.7999877929688,837.5042114257812,344064,0.0,0.0
2024-02-09 00:00:00+05:30,856.0,884.9500122070312,845.5,877.7000122070312,865.0005493164062,516327,0.0,0.0
2024-02-12 00:00:00+05:30,879.0,883.0,846.0499877929688,866.1500244140625,853.61767578125,179109,0.0,0.0
2024-02-13 00:00:00+05:30,869.9000244140625,930.0,848.9000244140625,900.0499877929688,887.0271606445312,193967,0.0,0.0
2024-02-14 00:00:00+05:30,900.0,1041.0,900.0,991.9500122070312,977.5974731445312,3972711,0.0,0.0
2024-02-15 00:00:00+05:30,990.0,993.1500244140625,961.0499877929688,964.5999755859375,950.6431274414062,284549,0.0,0.0
2024-02-16 00:00:00+05:30,967.0,989.9500122070312,950.0,959.6500244140625,945.764892578125,196009,0.0,0.0
2024-02-19 00:00:00+05:30,955.0,968.0,936.0,949.25,935.5152587890625,120453,0.0,0.0
2024-02-20 00:00:00+05:30,944.25,946.9500122070312,920.2000122070312,923.4500122070312,910.0885620117188,119072,0.0,0.0
2024-02-21 00:00:00+05:30,925.9000244140625,942.0,907.9000244140625,912.5,899.2969970703125,149915,0.0,0.0
2024-02-22 00:00:00+05:30,914.4000244140625,959.0,892.5499877929688,938.9500122070312,925.3643188476562,387033,0.0,0.0
2024-02-23 00:00:00+05:30,945.3499755859375,1025.0,930.2999877929688,986.2999877929688,972.0292358398438,1229095,0.0,0.0
2024-02-26 00:00:00+05:30,991.0,1004.0,981.0999755859375,993.7000122070312,979.3221435546875,233588,0.0,0.0
2024-02-27 00:00:00+05:30,987.4500122070312,1000.5,973.0,984.9000244140625,970.6494750976562,428601,0.0,0.0
2024-02-28 00:00:00+05:30,987.9500122070312,1010.9000244140625,972.0999755859375,981.0999755859375,966.9044189453125,324591,0.0,0.0
2024-02-29 00:00:00+05:30,982.2999877929688,984.7999877929688,952.2000122070312,966.2000122070312,952.2200317382812,268337,0.0,0.0
2024-03-01 00:00:00+05:30,967.0,979.2999877929688,956.0499877929688,971.0499877929688,956.9998779296875,114297,0.0,0.0
2024-03-04 00:00:00+05:30,983.0,1038.199951171875,962.0,998.9500122070312,984.4962158203125,494185,0.0,0.0
2024-03-05 00:00:00+05:30,1030.0,1043.699951171875,995.0999755859375,1003.3499755859375,988.83251953125,410993,0.0,0.0
2024-03-06 00:00:00+05:30,1003.3499755859375,1014.75,981.0499877929688,985.75,971.4871215820312,171620,0.0,0.0
2024-03-07 00:00:00+05:30,991.0,1072.0,985.75,1051.1500244140625,1035.94091796875,675564,0.0,0.0
2024-03-11 00:00:00+05:30,1076.0,1163.0,1062.199951171875,1107.449951171875,1091.42626953125,3667314,0.0,0.0
2024-03-12 00:00:00+05:30,1095.0,1097.0,1048.3499755859375,1063.5,1048.1121826171875,426837,0.0,0.0
2024-03-13 00:00:00+05:30,1065.0,1094.300048828125,965.0,994.2000122070312,979.8148803710938,449095,0.0,0.0
2024-03-14 00:00:00+05:30,1020.0,1066.300048828125,995.25,1024.199951171875,1009.3807983398438,981281,0.0,0.0
2024-03-15 00:00:00+05:30,1033.550048828125,1055.5,1018.4500122070312,1030.449951171875,1015.5403442382812,528242,0.0,0.0
2024-03-18 00:00:00+05:30,1042.25,1057.449951171875,1021.0,1030.699951171875,1015.7867431640625,190177,0.0,0.0
2024-03-19 00:00:00+05:30,1027.3499755859375,1049.0,1001.0,1006.8499755859375,992.2818603515625,230457,0.0,0.0
2024-03-20 00:00:00+05:30,1010.0,1092.0,986.2000122070312,1081.75,1066.09814453125,526051,0.0,0.0
2024-03-21 00:00:00+05:30,1087.1500244140625,1128.949951171875,1054.050048828125,1084.300048828125,1068.611328125,694860,0.0,0.0
2024-03-22 00:00:00+05:30,1080.0,1112.050048828125,1060.0,1064.9000244140625,1049.491943359375,417003,0.0,0.0
2024-03-26 00:00:00+05:30,1072.800048828125,1092.4000244140625,1059.050048828125,1063.3499755859375,1047.96435546875,282104,0.0,0.0
2024-03-27 00:00:00+05:30,1073.6500244140625,1082.800048828125,1050.6500244140625,1065.75,1050.3297119140625,346915,0.0,0.0
2024-03-28 00:00:00+05:30,1094.0,1099.0,1058.9000244140625,1069.8499755859375,1054.3702392578125,265117,0.0,0.0
2024-04-01 00:00:00+05:30,1079.0,1121.0,1058.050048828125,1117.449951171875,1101.281494140625,560229,0.0,0.0
2024-04-02 00:00:00+05:30,1127.5999755859375,1128.449951171875,1094.8499755859375,1105.4000244140625,1089.406005859375,266703,0.0,0.0
2024-04-03 00:00:00+05:30,1113.0,1125.0,1102.550048828125,1111.699951171875,1095.61474609375,268696,0.0,0.0
2024-04-04 00:00:00+05:30,1130.0,1156.0,1112.0999755859375,1125.5999755859375,1109.313720703125,619079,0.0,0.0
2024-04-05 00:00:00+05:30,1125.5999755859375,1175.800048828125,1104.25,1157.25,1140.5057373046875,695606,0.0,0.0
2024-04-08 00:00:00+05:30,1164.050048828125,1186.0,1143.0,1161.550048828125,1144.7435302734375,315205,0.0,0.0
2024-04-09 00:00:00+05:30,1171.0,1174.0,1140.949951171875,1149.25,1132.62158203125,174786,0.0,0.0
2024-04-10 00:00:00+05:30,1151.949951171875,1206.0,1147.0999755859375,1197.1500244140625,1179.8284912109375,390933,0.0,0.0
2024-04-12 00:00:00+05:30,1190.0,1220.9000244140625,1155.199951171875,1169.199951171875,1152.2828369140625,283527,0.0,0.0
2024-04-15 00:00:00+05:30,1116.6500244140625,1164.0,1111.1500244140625,1157.4000244140625,1140.6536865234375,231219,0.0,0.0
2024-04-16 00:00:00+05:30,1155.949951171875,1177.300048828125,1134.8499755859375,1159.9000244140625,1143.117431640625,204849,0.0,0.0
2024-04-18 00:00:00+05:30,1105.0,1197.5,1105.0,1177.800048828125,1160.7584228515625,390824,0.0,0.0
2024-04-19 00:00:00+05:30,1183.949951171875,1221.0,1158.5999755859375,1206.4000244140625,1188.944580078125,307831,0.0,0.0
2024-04-22 00:00:00+05:30,1219.949951171875,1223.0,1187.5,1200.6500244140625,1183.27783203125,184916,0.0,0.0
2024-04-23 00:00:00+05:30,1200.699951171875,1209.5,1161.550048828125,1179.5999755859375,1162.5323486328125,101919,0.0,0.0
2024-04-24 00:00:00+05:30,1185.6500244140625,1190.0,1162.3499755859375,1174.949951171875,1157.9495849609375,498506,0.0,0.0
2024-04-25 00:00:00+05:30,1175.0,1197.949951171875,1165.6500244140625,1183.5,1166.3758544921875,92488,0.0,0.0
2024-04-26 00:00:00+05:30,1186.0,1196.0,1171.300048828125,1186.949951171875,1169.7760009765625,182165,0.0,0.0
2024-04-29 00:00:00+05:30,1192.0,1208.949951171875,1168.050048828125,1170.449951171875,1153.5146484375,181490,0.0,0.0
2024-04-30 00:00:00+05:30,1200.0,1298.800048828125,1200.0,1225.6500244140625,1207.9161376953125,2147459,0.0,0.0
2024-05-02 00:00:00+05:30,1232.0,1260.0,1193.050048828125,1219.550048828125,1201.904296875,313408,0.0,0.0
2024-05-03 00:00:00+05:30,1225.0,1251.25,1204.199951171875,1241.6500244140625,1223.6845703125,222685,0.0,0.0
2024-05-06 00:00:00+05:30,1251.0,1253.949951171875,1224.050048828125,1249.699951171875,1231.6180419921875,125872,0.0,0.0
2024-05-07 00:00:00+05:30,1254.699951171875,1255.75,1200.0,1206.949951171875,1189.486572265625,142102,0.0,0.0
2024-05-08 00:00:00+05:30,1207.050048828125,1248.699951171875,1194.0,1243.550048828125,1225.55712890625,140685,0.0,0.0
2024-05-09 00:00:00+05:30,1243.550048828125,1246.0,1176.0999755859375,1187.800048828125,1170.61376953125,175421,0.0,0.0
2024-05-10 00:00:00+05:30,1195.0,1198.0,1150.699951171875,1164.3499755859375,1147.5029296875,145923,0.0,0.0
2024-05-13 00:00:00+05:30,1166.0,1199.0,1147.199951171875,1156.0,1139.27392578125,435127,0.0,0.0
2024-05-14 00:00:00+05:30,1160.0,1195.0,1154.1500244140625,1157.1500244140625,1140.4072265625,200601,0.0,0.0
2024-05-15 00:00:00+05:30,1164.949951171875,1205.0,1161.4000244140625,1177.0999755859375,1160.0684814453125,387788,0.0,0.0
2024-05-16 00:00:00+05:30,1188.8499755859375,1207.5,1188.800048828125,1199.25,1181.8980712890625,290313,0.0,0.0
2024-05-17 00:00:00+05:30,1205.0,1210.550048828125,1195.0,1201.800048828125,1184.4111328125,177473,0.0,0.0
2024-05-21 00:00:00+05:30,1310.0,1342.5999755859375,1230.0,1240.0999755859375,1222.156982421875,971161,0.0,0.0
2024-05-22 00:00:00+05:30,1240.0999755859375,1245.0,1213.0,1226.0999755859375,1208.3594970703125,162136,0.0,0.0
2024-05-23 00:00:00+05:30,1236.0,1244.0,1221.800048828125,1227.800048828125,1210.0350341796875,103888,0.0,0.0
2024-05-24 00:00:00+05:30,1230.0,1251.5,1213.550048828125,1227.5999755859375,1209.837890625,248980,0.0,0.0
2024-05-27 00:00:00+05:30,1228.0,1235.949951171875,1201.0,1210.800048828125,1193.2808837890625,131674,0.0,0.0
2024-05-28 00:00:00+05:30,1211.449951171875,1245.0,1200.0,1205.1500244140625,1187.712646484375,238345,0.0,0.0
2024-05-29 00:00:00+05:30,1204.5999755859375,1230.5,1202.0999755859375,1213.300048828125,1195.7447509765625,176718,0.0,0.0
2024-05-30 00:00:00+05:30,1210.0,1219.050048828125,1190.0,1195.0999755859375,1177.80810546875,193866,0.0,0.0
2024-05-31 00:00:00+05:30,1192.199951171875,1230.0,1163.0999755859375,1195.0999755859375,1177.80810546875,475807,0.0,0.0
2024-06-03 00:00:00+05:30,1211.0,1263.8499755859375,1200.0,1222.9000244140625,1205.205810546875,564976,0.0,0.0
2024-06-04 00:00:00+05:30,1222.699951171875,1223.0,978.3499755859375,1070.550048828125,1055.060302734375,439869,0.0,0.0
2024-06-05 00:00:00+05:30,1068.800048828125,1109.5999755859375,1043.75,1104.550048828125,1088.5682373046875,186373,0.0,0.0
2024-06-06 00:00:00+05:30,1123.0999755859375,1192.050048828125,1117.0,1183.300048828125,1166.1788330078125,220495,0.0,0.0
2024-06-07 00:00:00+05:30,1183.300048828125,1286.050048828125,1181.050048828125,1264.550048828125,1246.2532958984375,829452,0.0,0.0
2024-06-10 00:00:00+05:30,1269.6500244140625,1309.1500244140625,1250.25,1278.0999755859375,1259.6070556640625,313883,0.0,0.0
2024-06-11 00:00:00+05:30,1280.800048828125,1288.800048828125,1230.0,1234.949951171875,1217.08154296875,280347,0.0,0.0
2024-06-12 00:00:00+05:30,1230.0,1274.0,1222.050048828125,1256.6500244140625,1238.4676513671875,222017,0.0,0.0
2024-06-13 00:00:00+05:30,1256.6500244140625,1268.3499755859375,1219.4000244140625,1226.800048828125,1209.0494384765625,142466,0.0,0.0
2024-06-14 00:00:00+05:30,1239.0,1248.75,1216.5999755859375,1220.199951171875,1202.544921875,299822,0.0,0.0
2024-06-18 00:00:00+05:30,1232.0,1254.949951171875,1157.0,1165.0,1148.1436767578125,4369315,0.0,0.0
2024-06-19 00:00:00+05:30,1173.0,1190.0,1143.0,1148.75,1132.128662109375,1515465,0.0,0.0
2024-06-20 00:00:00+05:30,1158.699951171875,1166.199951171875,1145.050048828125,1155.5999755859375,1138.879638671875,618417,0.0,0.0
2024-06-21 00:00:00+05:30,1165.0,1178.050048828125,1145.0,1156.8499755859375,1140.111572265625,527597,0.0,0.0
2024-06-24 00:00:00+05:30,1156.8499755859375,1180.0,1150.25,1173.3499755859375,1156.372802734375,544855,0.0,0.0
2024-06-25 00:00:00+05:30,1209.0,1213.0,1160.0999755859375,1184.300048828125,1167.1644287109375,1365039,0.0,0.0
2024-06-26 00:00:00+05:30,1196.8499755859375,1200.0,1167.300048828125,1189.4000244140625,1172.1905517578125,477864,0.0,0.0
2024-06-27 00:00:00+05:30,1189.0,1194.0,1158.050048828125,1182.699951171875,1165.58740234375,483482,0.0,0.0
2024-06-28 00:00:00+05:30,1174.050048828125,1188.0,1163.0,1175.699951171875,1166.5797119140625,362402,8.0,0.0
2024-07-01 00:00:00+05:30,1179.9000244140625,1181.0,1145.0,1169.449951171875,1160.378173828125,590427,0.0,0.0
2024-07-02 00:00:00+05:30,1173.8499755859375,1223.300048828125,1162.0,1212.1500244140625,1202.7469482421875,1384320,0.0,0.0
2024-07-03 00:00:00+05:30,1220.0,1252.800048828125,1201.4000244140625,1245.3499755859375,1235.689453125,1061244,0.0,0.0
2024-07-04 00:00:00+05:30,1245.4000244140625,1256.449951171875,1216.800048828125,1228.25,1218.7220458984375,353152,0.0,0.0
2024-07-05 00:00:00+05:30,1224.9000244140625,1237.0,1212.6500244140625,1228.0,1218.4739990234375,173093,0.0,0.0
2024-07-08 00:00:00+05:30,1237.949951171875,1284.699951171875,1229.949951171875,1272.6500244140625,1262.7777099609375,1494325,0.0,0.0
2024-07-09 00:00:00+05:30,1284.949951171875,1311.949951171875,1262.25,1303.5999755859375,1293.487548828125,793543,0.0,0.0
2024-07-10 00:00:00+05:30,1316.0,1384.949951171875,1290.8499755859375,1345.5,1335.0625,1700753,0.0,0.0
2024-07-11 00:00:00+05:30,1389.9000244140625,1410.0,1356.050048828125,1393.449951171875,1382.6405029296875,1604466,0.0,0.0
2024-07-12 00:00:00+05:30,1402.949951171875,1402.949951171875,1346.0,1357.699951171875,1347.1678466796875,414763,0.0,0.0
2024-07-15 00:00:00+05:30,1372.0,1375.449951171875,1326.0,1330.6500244140625,1320.3277587890625,308066,0.0,0.0
2024-07-16 00:00:00+05:30,1326.0,1341.25,1294.9000244140625,1327.199951171875,1316.9044189453125,443439,0.0,0.0
2024-07-18 00:00:00+05:30,1334.949951171875,1360.0,1304.0,1316.699951171875,1306.4859619140625,496841,0.0,0.0
2024-07-19 00:00:00+05:30,1344.9000244140625,1427.8499755859375,1304.5999755859375,1336.300048828125,1325.9339599609375,1748709,0.0,0.0
2024-07-22 00:00:00+05:30,1341.4000244140625,1363.5999755859375,1307.0,1316.0,1305.7913818359375,297332,0.0,0.0
2024-07-23 00:00:00+05:30,1313.0,1346.6500244140625,1250.0,1281.0,1271.0628662109375,302432,0.0,0.0
2024-07-24 00:00:00+05:30,1293.0,1337.199951171875,1285.0,1329.4000244140625,1319.08740234375,199929,0.0,0.0
2024-07-25 00:00:00+05:30,1329.0,1344.199951171875,1312.5,1320.300048828125,1310.05810546875,118015,0.0,0.0
2024-07-26 00:00:00+05:30,1320.300048828125,1369.699951171875,1320.300048828125,1361.1500244140625,1350.5911865234375,252602,0.0,0.0
2024-07-29 00:00:00+05:30,1384.0,1395.699951171875,1338.3499755859375,1355.8499755859375,1345.332275390625,175578,0.0,0.0
2024-07-30 00:00:00+05:30,1301.0,1355.0999755859375,1290.0,1325.949951171875,1315.6641845703125,491933,0.0,0.0
2024-07-31 00:00:00+05:30,1329.9000244140625,1379.699951171875,1315.0,1370.949951171875,1360.3150634765625,644642,0.0,0.0
2024-08-01 00:00:00+05:30,1370.949951171875,1374.300048828125,1342.0999755859375,1363.199951171875,1352.625244140625,305543,0.0,0.0
2024-08-02 00:00:00+05:30,1336.0,1360.0,1325.050048828125,1350.949951171875,1340.47021484375,205621,0.0,0.0
2024-08-05 00:00:00+05:30,1271.050048828125,1345.0,1236.199951171875,1255.4000244140625,1245.6614990234375,301421,0.0,0.0
2024-08-06 00:00:00+05:30,1253.5999755859375,1280.0,1190.800048828125,1204.75,1195.4044189453125,290273,0.0,0.0
2024-08-07 00:00:00+05:30,1229.0,1239.9000244140625,1189.0,1233.75,1224.179443359375,272295,0.0,0.0
2024-08-08 00:00:00+05:30,1232.75,1259.25,1222.949951171875,1244.75,1235.0941162109375,359283,0.0,0.0
2024-08-09 00:00:00+05:30,1253.550048828125,1260.8499755859375,1236.0,1240.949951171875,1231.323486328125,89980,0.0,0.0
2024-08-12 00:00:00+05:30,1222.0999755859375,1244.25,1212.0,1238.0999755859375,1228.49560546875,96653,0.0,0.0
2024-08-13 00:00:00+05:30,1238.050048828125,1269.9000244140625,1230.050048828125,1252.699951171875,1242.982421875,348846,0.0,0.0
2024-08-14 00:00:00+05:30,1249.0,1249.449951171875,1206.0,1230.449951171875,1220.905029296875,136957,0.0,0.0
2024-08-16 00:00:00+05:30,1222.0,1239.0,1210.75,1221.1500244140625,1211.67724609375,162011,0.0,0.0
2024-08-19 00:00:00+05:30,1226.1500244140625,1265.6500244140625,1208.0,1231.9000244140625,1222.34375,240103,0.0,0.0
2024-08-20 00:00:00+05:30,1233.0,1234.0,1200.0,1217.5999755859375,1208.1546630859375,455131,0.0,0.0
2024-08-21 00:00:00+05:30,1219.6500244140625,1260.949951171875,1214.949951171875,1239.5999755859375,1229.9840087890625,217622,0.0,0.0
2024-08-22 00:00:00+05:30,1239.5999755859375,1259.9000244140625,1224.0,1251.949951171875,1242.2381591796875,279271,0.0,0.0
2024-08-23 00:00:00+05:30,1260.9000244140625,1317.3499755859375,1259.0,1298.25,1288.1790771484375,770184,0.0,0.0
2024-08-26 00:00:00+05:30,1302.0,1327.0,1275.550048828125,1307.0999755859375,1296.96044921875,163398,0.0,0.0
2024-08-28 00:00:00+05:30,1330.050048828125,1354.0,1320.0,1337.5999755859375,1327.2237548828125,129786,0.0,0.0
2024-08-29 00:00:00+05:30,1335.050048828125,1339.9000244140625,1315.0,1329.5999755859375,1319.285888671875,108280,0.0,0.0
2024-08-30 00:00:00+05:30,1324.949951171875,1370.949951171875,1307.0,1347.550048828125,1337.0966796875,325720,0.0,0.0
2024-09-02 00:00:00+05:30,1360.0,1416.75,1357.550048828125,1385.0999755859375,1374.3553466796875,620085,0.0,0.0
2024-09-03 00:00:00+05:30,1392.1500244140625,1399.5,1375.699951171875,1395.0999755859375,1384.2777099609375,260823,0.0,0.0
2024-09-04 00:00:00+05:30,1395.0,1425.1500244140625,1373.0,1400.050048828125,1389.189453125,590672,0.0,0.0
2024-09-05 00:00:00+05:30,1414.0,1414.949951171875,1381.0,1398.699951171875,1387.849853515625,225775,0.0,0.0
2024-09-06 00:00:00+05:30,1408.0,1449.0,1390.0999755859375,1397.9000244140625,1387.0560302734375,484844,0.0,0.0
2024-09-09 00:00:00+05:30,1398.9000244140625,1404.449951171875,1362.449951171875,1367.0999755859375,1356.4949951171875,104839,0.0,0.0
2024-09-10 00:00:00+05:30,1372.1500244140625,1404.550048828125,1372.1500244140625,1386.0999755859375,1375.3475341796875,161652,0.0,0.0
2024-09-11 00:00:00+05:30,1386.199951171875,1392.949951171875,1342.5999755859375,1355.75,1345.2330322265625,100647,0.0,0.0
2024-09-12 00:00:00+05:30,1355.0,1380.3499755859375,1340.0,1373.6500244140625,1362.994140625,480705,0.0,0.0
2024-09-13 00:00:00+05:30,1386.550048828125,1397.0,1377.0,1380.800048828125,1370.0887451171875,89543,0.0,0.0
2024-09-16 00:00:00+05:30,1391.0,1404.9000244140625,1365.550048828125,1394.3499755859375,1383.5335693359375,72589,0.0,0.0
2024-09-17 00:00:00+05:30,1396.0999755859375,1408.0,1371.3499755859375,1398.949951171875,1388.097900390625,112454,0.0,0.0
2024-09-18 00:00:00+05:30,1408.5999755859375,1408.5999755859375,1371.0,1378.300048828125,1367.608154296875,49533,0.0,0.0
2024-09-19 00:00:00+05:30,1384.0,1395.699951171875,1330.5999755859375,1374.300048828125,1363.63916015625,191325,0.0,0.0
2024-09-20 00:00:00+05:30,1386.0,1386.5,1328.4000244140625,1335.050048828125,1324.693603515625,260926,0.0,0.0
2024-09-23 00:00:00+05:30,1342.0,1355.550048828125,1322.0,1326.449951171875,1316.1602783203125,96083,0.0,0.0
2024-09-24 00:00:00+05:30,1329.050048828125,1341.0,1293.4000244140625,1306.300048828125,1296.1666259765625,245413,0.0,0.0
2024-09-25 00:00:00+05:30,1311.0,1337.0,1287.25,1331.1500244140625,1320.8238525390625,254218,0.0,0.0
2024-09-26 00:00:00+05:30,1322.0,1348.4000244140625,1315.0,1321.050048828125,1310.80224609375,154543,0.0,0.0
2024-09-27 00:00:00+05:30,1333.1500244140625,1438.050048828125,1310.4000244140625,1407.550048828125,1396.6312255859375,398516,0.0,0.0
2024-09-30 00:00:00+05:30,1407.0,1407.449951171875,1355.9000244140625,1367.25,1356.643798828125,392677,0.0,0.0
2024-10-01 00:00:00+05:30,1393.0,1426.949951171875,1342.0,1349.199951171875,1338.7337646484375,788761,0.0,0.0
2024-10-03 00:00:00+05:30,1336.0,1342.300048828125,1310.0999755859375,1313.800048828125,1303.6085205078125,195787,0.0,0.0
2024-10-04 00:00:00+05:30,1314.9000244140625,1360.0,1269.550048828125,1347.9000244140625,1337.4439697265625,195436,0.0,0.0
2024-10-07 00:00:00+05:30,1357.75,1359.699951171875,1279.25,1305.699951171875,1295.5712890625,238849,0.0,0.0
2024-10-08 00:00:00+05:30,1286.0999755859375,1337.949951171875,1278.5,1323.550048828125,1313.2828369140625,234388,0.0,0.0
2024-10-09 00:00:00+05:30,1340.0,1364.300048828125,1320.0,1323.75,1313.4813232421875,178568,0.0,0.0
2024-10-10 00:00:00+05:30,1330.0,1345.0,1313.0999755859375,1323.050048828125,1312.7867431640625,671292,0.0,0.0
2024-10-11 00:00:00+05:30,1312.199951171875,1330.0999755859375,1308.5,1320.050048828125,1309.81005859375,73956,0.0,0.0
2024-10-14 00:00:00+05:30,1320.050048828125,1328.0,1295.050048828125,1300.0,1289.91552734375,80601,0.0,0.0
2024-10-15 00:00:00+05:30,1313.699951171875,1327.0,1296.5999755859375,1300.949951171875,1290.8580322265625,149822,0.0,0.0
2024-10-16 00:00:00+05:30,1302.0,1306.449951171875,1282.6500244140625,1288.9000244140625,1278.901611328125,144297,0.0,0.0
2024-10-17 00:00:00+05:30,1288.0,1303.0,1266.6500244140625,1299.25,1289.1712646484375,1238095,0.0,0.0
2024-10-18 00:00:00+05:30,1297.050048828125,1337.9000244140625,1279.0,1294.6500244140625,1284.6070556640625,315378,0.0,0.0
2024-10-21 00:00:00+05:30,1300.0,1303.5,1270.0999755859375,1277.1500244140625,1267.2427978515625,76839,0.0,0.0
2024-10-22 00:00:00+05:30,1273.3499755859375,1282.9000244140625,1231.1500244140625,1250.3499755859375,1240.650634765625,92521,0.0,0.0
2024-10-23 00:00:00+05:30,1235.0,1247.300048828125,1210.1500244140625,1230.050048828125,1220.5081787109375,79873,0.0,0.0
2024-10-24 00:00:00+05:30,1234.4000244140625,1241.949951171875,1210.0999755859375,1216.0999755859375,1206.666259765625,63402,0.0,0.0
2024-10-25 00:00:00+05:30,1216.0999755859375,1222.449951171875,1171.050048828125,1183.6500244140625,1174.4681396484375,114915,0.0,0.0
2024-10-28 00:00:00+05:30,1166.0,1199.0,1156.5,1178.1500244140625,1169.0107421875,90473,0.0,0.0
2024-10-29 00:00:00+05:30,1204.9000244140625,1264.8499755859375,1191.199951171875,1241.5999755859375,1231.968505859375,1134608,0.0,0.0
2024-10-31 00:00:00+05:30,1261.0,1283.0,1250.0,1274.1500244140625,1264.26611328125,173632,0.0,0.0
2024-11-01 00:00:00+05:30,1310.0,1320.0,1272.449951171875,1293.6500244140625,1283.61474609375,62221,0.0,0.0
2024-11-04 00:00:00+05:30,1289.050048828125,1289.050048828125,1259.699951171875,1264.0999755859375,1254.2939453125,80980,0.0,0.0
2024-11-06 00:00:00+05:30,1228.75,1281.8499755859375,1222.0,1276.3499755859375,1266.448974609375,188540,0.0,0.0
2024-11-07 00:00:00+05:30,1282.0,1298.0,1260.449951171875,1270.5999755859375,1260.7435302734375,181461,0.0,0.0
2024-11-08 00:00:00+05:30,1256.0,1270.4000244140625,1241.050048828125,1246.9000244140625,1237.2274169921875,148180,0.0,0.0
2024-11-11 00:00:00+05:30,1225.0,1266.0,1221.9000244140625,1250.0,1240.3033447265625,55447,0.0,0.0
2024-11-12 00:00:00+05:30,1262.5,1270.75,1235.050048828125,1241.6500244140625,1232.0181884765625,64067,0.0,0.0
2024-11-13 00:00:00+05:30,1257.9000244140625,1270.199951171875,1180.0,1186.699951171875,1177.494384765625,201072,0.0,0.0
2024-11-14 00:00:00+05:30,1208.050048828125,1210.0999755859375,1183.9000244140625,1199.0,1189.698974609375,89785,0.0,0.0
2024-11-18 00:00:00+05:30,1199.8499755859375,1217.800048828125,1186.5,1196.8499755859375,1187.565673828125,89433,0.0,0.0
2024-11-19 00:00:00+05:30,1190.0,1215.0,1188.1500244140625,1194.8499755859375,1185.5811767578125,78994,0.0,0.0
2024-11-21 00:00:00+05:30,1194.8499755859375,1196.949951171875,1137.75,1144.949951171875,1136.0682373046875,127033,0.0,0.0
2024-11-22 00:00:00+05:30,1145.0,1150.0,1118.0,1122.0999755859375,1113.3955078125,172367,0.0,0.0
2024-11-25 00:00:00+05:30,1138.5,1142.300048828125,1114.5,1119.6500244140625,1110.964599609375,690804,0.0,0.0
2024-11-26 00:00:00+05:30,1121.25,1146.449951171875,1118.0,1134.25,1125.4512939453125,169604,0.0,0.0
2024-11-27 00:00:00+05:30,1139.949951171875,1162.75,1124.5999755859375,1152.6500244140625,1143.7086181640625,402107,0.0,0.0
2024-11-28 00:00:00+05:30,1152.6500244140625,1170.050048828125,1137.050048828125,1143.25,1134.3814697265625,260628,0.0,0.0
2024-11-29 00:00:00+05:30,1150.0,1150.949951171875,1131.0,1140.050048828125,1131.206298828125,124275,0.0,0.0
2024-12-02 00:00:00+05:30,1154.9000244140625,1154.9000244140625,1120.050048828125,1132.800048828125,1124.0125732421875,665164,0.0,0.0
2024-12-03 00:00:00+05:30,1142.0,1158.050048828125,1132.9000244140625,1149.6500244140625,1140.7318115234375,784281,0.0,0.0
2024-12-04 00:00:00+05:30,1150.050048828125,1179.9000244140625,1141.0,1166.25,1157.2030029296875,728022,0.0,0.0
2024-12-05 00:00:00+05:30,1180.949951171875,1268.800048828125,1175.800048828125,1249.1500244140625,1239.4599609375,2817718,0.0,0.0
2024-12-06 00:00:00+05:30,1247.75,1284.9000244140625,1230.0,1271.25,1261.3885498046875,600353,0.0,0.0
2024-12-09 00:00:00+05:30,1260.0,1299.0,1250.0,1282.9000244140625,1272.9481201171875,532721,0.0,0.0
2024-12-10 00:00:00+05:30,1282.9000244140625,1308.050048828125,1274.050048828125,1284.4000244140625,1274.4365234375,366627,0.0,0.0
2024-12-11 00:00:00+05:30,1294.800048828125,1325.699951171875,1278.5,1311.699951171875,1301.524658203125,326697,0.0,0.0
2024-12-12 00:00:00+05:30,1305.050048828125,1308.699951171875,1280.0,1282.6500244140625,1272.7000732421875,196236,0.0,0.0
2024-12-13 00:00:00+05:30,1290.0,1317.0,1262.0,1303.9000244140625,1293.7852783203125,585046,0.0,0.0
2024-12-16 00:00:00+05:30,1303.9000244140625,1339.0,1300.0,1323.25,1312.985107421875,387992,0.0,0.0
2024-12-17 00:00:00+05:30,1334.0,1352.8499755859375,1312.75,1339.4000244140625,1329.0098876953125,403155,0.0,0.0
2024-12-18 00:00:00+05:30,1330.0,1334.0,1303.0,1314.3499755859375,1304.1541748046875,166653,0.0,0.0
2024-12-19 00:00:00+05:30,1286.0,1302.949951171875,1267.0,1299.449951171875,1289.3697509765625,205287,0.0,0.0
2024-12-20 00:00:00+05:30,1311.0,1318.0,1272.0,1275.949951171875,1266.052001953125,220619,0.0,0.0
2024-12-23 00:00:00+05:30,1270.0999755859375,1294.199951171875,1241.199951171875,1272.050048828125,1262.182373046875,173841,0.0,0.0
2024-12-24 00:00:00+05:30,1272.050048828125,1277.050048828125,1251.050048828125,1259.800048828125,1250.02734375,103092,0.0,0.0
2024-12-26 00:00:00+05:30,1250.0,1307.0,1250.0,1287.300048828125,1277.3140869140625,186590,0.0,0.0
2024-12-27 00:00:00+05:30,1285.0,1325.050048828125,1276.0,1314.75,1304.551025390625,179306,0.0,0.0
2024-12-30 00:00:00+05:30,1311.8499755859375,1326.699951171875,1268.8499755859375,1275.699951171875,1265.803955078125,254699,0.0,0.0
2024-12-31 00:00:00+05:30,1270.0,1304.25,1264.699951171875,1297.199951171875,1287.13720703125,175774,0.0,0.0
2025-01-01 00:00:00+05:30,1324.0,1340.0,1290.5,1313.6500244140625,1303.4595947265625,830975,0.0,0.0
2025-01-02 00:00:00+05:30,1312.0,1312.0,1268.5,1276.0999755859375,1266.200927734375,201062,0.0,0.0
2025-01-03 00:00:00+05:30,1290.0,1312.5,1275.800048828125,1281.8499755859375,1271.90625,371263,0.0,0.0
2025-01-06 00:00:00+05:30,1294.75,1294.8499755859375,1226.0,1237.75,1228.1484375,231712,0.0,0.0
2025-01-07 00:00:00+05:30,1237.949951171875,1284.0,1226.1500244140625,1259.300048828125,1249.53125,272493,0.0,0.0
2025-01-08 00:00:00+05:30,1261.199951171875,1262.949951171875,1234.1500244140625,1245.4000244140625,1235.7391357421875,208005,0.0,0.0
2025-01-09 00:00:00+05:30,1243.550048828125,1260.0,1232.0999755859375,1247.0,1237.32666015625,143760,0.0,0.0
2025-01-10 00:00:00+05:30,1247.0,1251.5999755859375,1200.0,1203.6500244140625,1194.31298828125,601672,0.0,0.0
2025-01-13 00:00:00+05:30,1182.050048828125,1191.0999755859375,1141.25,1171.3499755859375,1162.263427734375,394128,0.0,0.0
2025-01-14 00:00:00+05:30,1165.0,1179.9000244140625,1150.050048828125,1165.949951171875,1156.9052734375,229142,0.0,0.0
2025-01-15 00:00:00+05:30,1170.0,1186.800048828125,1154.949951171875,1177.800048828125,1168.6634521484375,260002,0.0,0.0
2025-01-16 00:00:00+05:30,1180.949951171875,1213.4000244140625,1169.050048828125,1203.449951171875,1194.1143798828125,293359,0.0,0.0
2025-01-17 00:00:00+05:30,1201.0,1206.3499755859375,1173.6500244140625,1178.5999755859375,1169.457275390625,85261,0.0,0.0
2025-01-20 00:00:00+05:30,1172.0,1197.9000244140625,1152.6500244140625,1190.199951171875,1180.9671630859375,199240,0.0,0.0
2025-01-21 00:00:00+05:30,1195.0,1195.0,1118.050048828125,1125.699951171875,1116.967529296875,163552,0.0,0.0
2025-01-22 00:00:00+05:30,1121.5999755859375,1134.949951171875,1105.0,1111.300048828125,1102.6793212890625,282244,0.0,0.0
2025-01-23 00:00:00+05:30,1111.300048828125,1135.0,1099.050048828125,1106.0999755859375,1097.5196533203125,283643,0.0,0.0
2025-01-24 00:00:00+05:30,1124.949951171875,1135.449951171875,1052.0,1055.0999755859375,1046.915283203125,331702,0.0,0.0
2025-01-27 00:00:00+05:30,1055.1500244140625,1058.0,1005.9000244140625,1020.8499755859375,1012.930908203125,359319,0.0,0.0
2025-01-28 00:00:00+05:30,1037.6500244140625,1039.050048828125,976.1500244140625,1015.9500122070312,1008.0689697265625,335325,0.0,0.0
2025-01-29 00:00:00+05:30,1001.2000122070312,1055.9000244140625,1001.2000122070312,1047.949951171875,1039.8206787109375,245644,0.0,0.0
2025-01-30 00:00:00+05:30,1048.550048828125,1065.800048828125,1018.2999877929688,1027.75,1019.7774047851562,95705,0.0,0.0
2025-01-31 00:00:00+05:30,1021.25,1064.449951171875,1021.25,1058.6500244140625,1050.437744140625,108247,0.0,0.0
2025-02-01 00:00:00+05:30,1060.75,1084.199951171875,1012.5,1028.300048828125,1020.3231811523438,194338,0.0,0.0
2025-02-03 00:00:00+05:30,1016.5,1025.0,979.0499877929688,999.5999755859375,991.8457641601562,362459,0.0,0.0
2025-02-04 00:00:00+05:30,1015.0,1031.6500244140625,999.9500122070312,1019.4000244140625,1011.4922485351562,378686,0.0,0.0
2025-02-05 00:00:00+05:30,1010.0,1046.050048828125,1001.4500122070312,1040.3499755859375,1032.2796630859375,494502,0.0,0.0
2025-02-06 00:00:00+05:30,1040.3499755859375,1063.0,1040.3499755859375,1051.449951171875,1043.2935791015625,131007,0.0,0.0
2025-02-07 00:00:00+05:30,1045.0,1054.949951171875,1019.0,1040.6500244140625,1032.577392578125,188093,0.0,0.0
2025-02-10 00:00:00+05:30,1042.050048828125,1048.949951171875,1016.5,1035.6500244140625,1027.6162109375,280257,0.0,0.0
2025-02-11 00:00:00+05:30,1031.1500244140625,1031.1500244140625,980.1500244140625,991.2999877929688,983.6101684570312,254594,0.0,0.0
2025-02-12 00:00:00+05:30,1000.9500122070312,1007.5,941.5,965.0999755859375,957.6134033203125,487970,0.0,0.0
2025-02-13 00:00:00+05:30,967.9500122070312,999.7999877929688,966.5499877929688,982.25,974.63037109375,553631,0.0,0.0
2025-02-14 00:00:00+05:30,980.9000244140625,991.7000122070312,852.5999755859375,879.5499877929688,872.72705078125,2069893,0.0,0.0
2025-02-17 00:00:00+05:30,880.9500122070312,944.9000244140625,845.2999877929688,923.2999877929688,916.1376953125,1482093,0.0,0.0
2025-02-18 00:00:00+05:30,925.0,928.6500244140625,888.0,902.9500122070312,895.945556640625,686699,0.0,0.0
2025-02-19 00:00:00+05:30,904.0499877929688,944.7999877929688,891.5,940.7999877929688,933.5018920898438,293435,0.0,0.0
2025-02-20 00:00:00+05:30,940.7999877929688,948.0,916.0499877929688,926.4500122070312,919.2632446289062,318621,0.0,0.0
2025-02-21 00:00:00+05:30,931.3499755859375,964.0,915.2000122070312,919.5999755859375,912.4663696289062,241868,0.0,0.0
2025-02-24 00:00:00+05:30,913.0999755859375,936.8499755859375,892.75,927.9000244140625,920.7020263671875,220098,0.0,0.0
2025-02-25 00:00:00+05:30,930.0499877929688,930.0499877929688,901.2999877929688,903.9500122070312,896.9378051757812,235479,0.0,0.0
2025-02-27 00:00:00+05:30,915.0499877929688,916.3499755859375,884.0,901.0499877929688,894.0602416992188,216222,0.0,0.0
2025-02-28 00:00:00+05:30,887.5499877929688,898.0,856.5,879.1500244140625,872.3302001953125,1054245,0.0,0.0
2025-03-03 00:00:00+05:30,879.0,886.9000244140625,830.0,840.5499877929688,834.0296020507812,371213,0.0,0.0
2025-03-04 00:00:00+05:30,836.0,857.2000122070312,821.2999877929688,843.9500122070312,837.4032592773438,455690,0.0,0.0
2025-03-05 00:00:00+05:30,847.4500122070312,915.0,846.1500244140625,898.4000244140625,891.4308471679688,926839,0.0,0.0
2025-03-06 00:00:00+05:30,902.4500122070312,979.0,890.9500122070312,917.0499877929688,909.9361572265625,2600008,0.0,0.0
2025-03-07 00:00:00+05:30,950.0,978.0,921.0,931.2000122070312,923.9763793945312,6805163,0.0,0.0
2025-03-10 00:00:00+05:30,926.0,945.0,903.4000244140625,907.9000244140625,900.857177734375,440303,0.0,0.0
2025-03-11 00:00:00+05:30,899.0,909.1500244140625,868.0,875.4000244140625,868.6092529296875,451003,0.0,0.0
2025-03-12 00:00:00+05:30,885.6500244140625,899.4500122070312,872.1500244140625,878.4500122070312,871.6356201171875,305838,0.0,0.0
2025-03-13 00:00:00+05:30,877.0999755859375,884.4000244140625,852.75,856.6500244140625,850.0046997070312,249881,0.0,0.0
2025-03-17 00:00:00+05:30,865.0,876.25,854.0,873.7000122070312,866.9224243164062,428531,0.0,0.0
2025-03-18 00:00:00+05:30,875.0,946.0,875.0,904.7000122070312,897.6820068359375,484927,0.0,0.0
2025-03-19 00:00:00+05:30,914.4000244140625,929.0999755859375,907.0999755859375,924.5499877929688,917.3779907226562,224906,0.0,0.0
2025-03-20 00:00:00+05:30,935.0,944.0,913.0,939.0,931.7158813476562,437186,0.0,0.0
2025-03-21 00:00:00+05:30,940.5,983.9000244140625,928.25,973.5499877929688,965.9978637695312,931447,0.0,0.0
2025-03-24 00:00:00+05:30,975.0,992.0,968.2000122070312,980.4000244140625,972.7947387695312,424152,0.0,0.0
2025-03-25 00:00:00+05:30,995.0,1035.0,991.1500244140625,1016.9000244140625,1009.0115966796875,1342686,0.0,0.0
2025-03-26 00:00:00+05:30,1021.0,1069.0999755859375,997.0999755859375,1008.7999877929688,1000.9744262695312,1385591,0.0,0.0
2025-03-27 00:00:00+05:30,1000.0,1078.8499755859375,891.7000122070312,982.9000244140625,975.275390625,1082776,0.0,0.0
2025-03-28 00:00:00+05:30,987.75,1009.4500122070312,968.8499755859375,974.5,966.9404907226562,521419,0.0,0.0
2025-04-01 00:00:00+05:30,974.5,986.6500244140625,962.3499755859375,983.2000122070312,975.5730590820312,178923,0.0,0.0
2025-04-02 00:00:00+05:30,980.0,984.2999877929688,961.5,971.0999755859375,963.5668334960938,112065,0.0,0.0
2025-04-03 00:00:00+05:30,970.0,981.0,957.0,959.8499755859375,952.4041137695312,177565,0.0,0.0
2025-04-04 00:00:00+05:30,950.8499755859375,959.6500244140625,924.0,931.5,924.2740478515625,121588,0.0,0.0
2025-04-07 00:00:00+05:30,788.0,879.9000244140625,786.2999877929688,868.75,862.0108642578125,225219,0.0,0.0
2025-04-08 00:00:00+05:30,886.1500244140625,898.0,868.0,876.8499755859375,870.0479736328125,160011,0.0,0.0
2025-04-09 00:00:00+05:30,882.5499877929688,892.8499755859375,856.0,887.5999755859375,880.714599609375,168695,0.0,0.0
2025-04-11 00:00:00+05:30,903.4500122070312,908.7000122070312,889.7000122070312,896.2999877929688,889.3471069335938,339327,0.0,0.0
2025-04-15 00:00:00+05:30,905.2000122070312,958.7999877929688,905.2000122070312,938.9000244140625,931.61669921875,998428,0.0,0.0
2025-04-16 00:00:00+05:30,938.9000244140625,948.9000244140625,926.1500244140625,931.9000244140625,924.6710205078125,190919,0.0,0.0
2025-04-17 00:00:00+05:30,931.9000244140625,943.5499877929688,922.0499877929688,934.25,927.0027465820312,89050,0.0,0.0
2025-04-21 00:00:00+05:30,942.7999877929688,1075.050048828125,928.1500244140625,1011.2999877929688,1003.4550170898438,860680,0.0,0.0
2025-04-22 00:00:00+05:30,1031.5,1036.9000244140625,989.0,996.1500244140625,988.422607421875,341453,0.0,0.0
2025-04-23 00:00:00+05:30,996.1500244140625,1003.4000244140625,976.0499877929688,988.7000122070312,981.0303344726562,124855,0.0,0.0
2025-04-24 00:00:00+05:30,995.4500122070312,1005.0,979.1500244140625,989.1500244140625,981.4768676757812,174332,0.0,0.0
2025-04-25 00:00:00+05:30,989.7999877929688,995.0,938.5499877929688,945.0,937.6693725585938,171203,0.0,0.0
2025-04-28 00:00:00+05:30,945.0,961.5999755859375,933.5499877929688,947.5499877929688,940.1995239257812,157932,0.0,0.0
2025-04-29 00:00:00+05:30,958.0,975.9000244140625,948.5499877929688,966.5999755859375,959.1017456054688,95803,0.0,0.0
2025-04-30 00:00:00+05:30,966.7000122070312,982.3499755859375,950.25,972.0999755859375,964.55908203125,178456,0.0,0.0
2025-05-02 00:00:00+05:30,974.9500122070312,986.5999755859375,952.2999877929688,966.9500122070312,959.4490966796875,92583,0.0,0.0
2025-05-05 00:00:00+05:30,967.9500122070312,975.2999877929688,951.5999755859375,963.9500122070312,956.4723510742188,87312,0.0,0.0
2025-05-06 00:00:00+05:30,960.0999755859375,973.0,917.0499877929688,922.5,915.3438720703125,132242,0.0,0.0
2025-05-07 00:00:00+05:30,899.0,983.9000244140625,892.5,973.4500122070312,965.898681640625,203584,0.0,0.0
2025-05-08 00:00:00+05:30,961.0,988.7999877929688,941.0,946.9000244140625,939.5546264648438,188379,0.0,0.0
2025-05-09 00:00:00+05:30,915.0,941.5499877929688,913.0999755859375,919.5999755859375,912.4663696289062,169595,0.0,0.0
2025-05-12 00:00:00+05:30,950.0,995.0,942.5499877929688,979.2999877929688,971.7032470703125,443013,0.0,0.0
2025-05-13 00:00:00+05:30,980.0,1012.0499877929688,970.8499755859375,1003.5,995.7155151367188,175220,0.0,0.0
2025-05-14 00:00:00+05:30,1005.0,1025.800048828125,1003.0999755859375,1019.3499755859375,1011.4425659179688,128149,0.0,0.0
2025-05-15 00:00:00+05:30,1059.0,1070.0,1021.9500122070312,1061.4000244140625,1053.1663818359375,784076,0.0,0.0
2025-05-16 00:00:00+05:30,1077.300048828125,1135.0,1069.0,1093.800048828125,1085.3150634765625,1100479,0.0,0.0
2025-05-19 00:00:00+05:30,1110.0,1135.949951171875,1105.0999755859375,1116.300048828125,1107.640625,470416,0.0,0.0
2025-05-20 00:00:00+05:30,1124.9000244140625,1144.9000244140625,1100.550048828125,1112.449951171875,1103.8203125,242463,0.0,0.0
2025-05-21 00:00:00+05:30,1110.0,1110.0,1074.0,1086.050048828125,1077.625244140625,209321,0.0,0.0
2025-05-22 00:00:00+05:30,1098.0,1148.6500244140625,1089.199951171875,1104.0,1095.4359130859375,748868,0.0,0.0
2025-05-23 00:00:00+05:30,1105.1500244140625,1112.8499755859375,1088.0,1106.5,1097.91650390625,118038,0.0,0.0
2025-05-26 00:00:00+05:30,1136.0,1169.300048828125,1111.0999755859375,1117.75,1109.0792236328125,718621,0.0,0.0
2025-05-27 00:00:00+05:30,1126.199951171875,1133.6500244140625,1103.300048828125,1116.75,1108.0870361328125,132959,0.0,0.0
2025-05-28 00:00:00+05:30,1117.9000244140625,1131.300048828125,1107.0,1126.6500244140625,1117.9102783203125,106088,0.0,0.0
2025-05-29 00:00:00+05:30,1136.6500244140625,1136.6500244140625,1111.0,1116.949951171875,1108.285400390625,80892,0.0,0.0
2025-05-30 00:00:00+05:30,1117.699951171875,1145.0,1106.050048828125,1138.75,1129.9163818359375,369649,0.0,0.0
2025-06-02 00:00:00+05:30,1145.9000244140625,1156.800048828125,1118.0,1150.5,1141.5751953125,124484,0.0,0.0
2025-06-03 00:00:00+05:30,1156.5999755859375,1188.0999755859375,1136.0999755859375,1178.5999755859375,1169.457275390625,387986,0.0,0.0
2025-06-04 00:00:00+05:30,1175.0,1175.0,1155.0999755859375,1169.9000244140625,1160.82470703125,126352,0.0,0.0
2025-06-05 00:00:00+05:30,1170.0,1175.199951171875,1145.9000244140625,1149.800048828125,1140.8807373046875,209482,0.0,0.0
2025-06-06 00:00:00+05:30,1149.800048828125,1175.9000244140625,1139.800048828125,1149.800048828125,1140.8807373046875,424621,0.0,0.0
2025-06-09 00:00:00+05:30,1215.0,1234.0,1180.0999755859375,1187.5999755859375,1178.387451171875,1757948,0.0,0.0
2025-06-10 00:00:00+05:30,1189.800048828125,1196.699951171875,1166.0,1169.4000244140625,1160.32861328125,159183,0.0,0.0
2025-06-11 00:00:00+05:30,1179.5999755859375,1187.199951171875,1160.800048828125,1179.0,1169.8541259765625,152460,0.0,0.0
2025-06-12 00:00:00+05:30,1180.9000244140625,1196.9000244140625,1156.0999755859375,1166.199951171875,1157.1533203125,126986,0.0,0.0
2025-06-13 00:00:00+05:30,1149.0,1168.800048828125,1134.5,1161.0999755859375,1152.093017578125,160416,0.0,0.0
2025-06-16 00:00:00+05:30,1161.0999755859375,1180.0,1135.0999755859375,1175.5999755859375,1166.48046875,117600,0.0,0.0
2025-06-17 00:00:00+05:30,1184.0999755859375,1212.0,1172.9000244140625,1203.5999755859375,1194.2633056640625,435854,0.0,0.0
2025-06-18 00:00:00+05:30,1200.0,1204.699951171875,1181.0999755859375,1201.199951171875,1191.8818359375,94353,0.0,0.0
2025-06-19 00:00:00+05:30,1201.199951171875,1220.0,1176.0,1192.199951171875,1182.95166015625,268092,0.0,0.0
2025-06-20 00:00:00+05:30,1192.0,1192.0,1156.0,1160.199951171875,1151.199951171875,237831,0.0,0.0
2025-06-23 00:00:00+05:30,1150.300048828125,1194.800048828125,1141.9000244140625,1189.0,1189.0,159333,9.0,0.0
2025-06-24 00:00:00+05:30,1195.0,1203.800048828125,1172.5,1180.699951171875,1180.699951171875,168034,0.0,0.0
2025-06-25 00:00:00+05:30,1191.0,1244.9000244140625,1182.199951171875,1230.0,1230.0,698666,0.0,0.0
2025-06-26 00:00:00+05:30,1242.5,1257.0,1221.9000244140625,1226.0,1226.0,204966,0.0,0.0
2025-06-27 00:00:00+05:30,1237.4000244140625,1237.4000244140625,1212.0999755859375,1227.0,1227.0,176320,0.0,0.0
2025-06-30 00:00:00+05:30,1220.0,1243.9000244140625,1212.0,1227.199951171875,1227.199951171875,189544,0.0,0.0
2025-07-01 00:00:00+05:30,1250.0,1286.9000244140625,1194.4000244140625,1202.800048828125,1202.800048828125,1145208,0.0,0.0
2025-07-02 00:00:00+05:30,1204.5,1205.199951171875,1184.4000244140625,1195.9000244140625,1195.9000244140625,99306,0.0,0.0
2025-07-03 00:00:00+05:30,1194.5999755859375,1219.300048828125,1186.5999755859375,1198.0,1198.0,124657,0.0,0.0
2025-07-04 00:00:00+05:30,1198.0,1203.699951171875,1183.5,1192.9000244140625,1192.9000244140625,52483,0.0,0.0
2025-07-07 00:00:00+05:30,1185.199951171875,1196.5999755859375,1170.0999755859375,1179.0,1179.0,100197,0.0,0.0
2025-07-08 00:00:00+05:30,1174.5,1206.0,1174.5,1189.5,1189.5,114864,0.0,0.0
2025-07-09 00:00:00+05:30,1189.0,1214.0,1188.9000244140625,1200.300048828125,1200.300048828125,90221,0.0,0.0
2025-07-10 00:00:00+05:30,1210.0,1214.0,1191.0,1199.199951171875,1199.199951171875,647034,0.0,0.0
2025-07-11 00:00:00+05:30,1199.199951171875,1208.0,1181.5,1191.699951171875,1191.699951171875,509514,0.0,0.0
2025-07-14 00:00:00+05:30,1191.0,1204.699951171875,1180.0,1198.800048828125,1198.800048828125,84973,0.0,0.0
2025-07-15 00:00:00+05:30,1198.800048828125,1222.9000244140625,1190.4000244140625,1215.9000244140625,1215.9000244140625,127320,0.0,0.0
2025-07-16 00:00:00+05:30,1210.199951171875,1219.800048828125,1190.199951171875,1197.300048828125,1197.300048828125,105000,0.0,0.0
2025-07-17 00:00:00+05:30,1220.0,1243.9000244140625,1175.0,1190.199951171875,1190.199951171875,823210,0.0,0.0
2025-07-18 00:00:00+05:30,1195.0999755859375,1200.5,1182.300048828125,1196.0,1196.0,89395,0.0,0.0
2025-07-21 00:00:00+05:30,1201.9000244140625,1207.5,1182.699951171875,1185.199951171875,1185.199951171875,126403,0.0,0.0
2025-07-22 00:00:00+05:30,1185.199951171875,1200.4000244140625,1182.699951171875,1186.0,1186.0,165638,0.0,0.0
2025-07-23 00:00:00+05:30,1191.5,1203.0,1182.0,1197.800048828125,1197.800048828125,129148,0.0,0.0
2025-07-24 00:00:00+05:30,1206.800048828125,1206.800048828125,1186.0,1194.5999755859375,1194.5999755859375,114466,0.0,0.0
2025-07-25 00:00:00+05:30,1192.0999755859375,1194.4000244140625,1143.4000244140625,1152.0,1152.0,158758,0.0,0.0
2025-07-28 00:00:00+05:30,1152.0,1153.4000244140625,1124.0999755859375,1139.699951171875,1139.699951171875,112978,0.0,0.0
2025-07-29 00:00:00+05:30,1136.800048828125,1149.699951171875,1125.0,1132.4000244140625,1132.4000244140625,159149,0.0,0.0
2025-07-30 00:00:00+05:30,1133.0,1133.0,1109.699951171875,1123.9000244140625,1123.9000244140625,205826,0.0,0.0
2025-07-31 00:00:00+05:30,1106.0,1157.5,1105.699951171875,1147.4000244140625,1147.4000244140625,417284,0.0,0.0
2025-08-01 00:00:00+05:30,1132.0,1146.300048828125,1114.0999755859375,1121.199951171875,1121.199951171875,105921,0.0,0.0
2025-08-04 00:00:00+05:30,1117.199951171875,1135.9000244140625,1101.199951171875,1124.800048828125,1124.800048828125,66829,0.0,0.0
2025-08-05 00:00:00+05:30,1125.0,1139.5999755859375,1117.199951171875,1130.9000244140625,1130.9000244140625,118346,0.0,0.0
2025-08-06 00:00:00+05:30,1132.0,1136.5,1101.0,1115.800048828125,1115.800048828125,114913,0.0,0.0
2025-08-07 00:00:00+05:30,1115.0,1138.0,1100.699951171875,1112.9000244140625,1112.9000244140625,179784,0.0,0.0
2025-08-08 00:00:00+05:30,1200.0999755859375,1209.0,1161.5,1183.5999755859375,1183.5999755859375,6085974,0.0,0.0
2025-08-11 00:00:00+05:30,1189.5999755859375,1245.0,1189.5,1237.800048828125,1237.800048828125,1820494,0.0,0.0
2025-08-12 00:00:00+05:30,1275.0,1283.0,1212.199951171875,1228.4000244140625,1228.4000244140625,806749,0.0,0.0
2025-08-13 00:00:00+05:30,1231.0,1243.699951171875,1218.0,1233.4000244140625,1233.4000244140625,296430,0.0,0.0
2025-08-14 00:00:00+05:30,1238.0999755859375,1246.5999755859375,1220.0999755859375,1232.0999755859375,1232.0999755859375,165648,0.0,0.0
2025-08-18 00:00:00+05:30,1240.0,1280.0,1238.199951171875,1273.300048828125,1273.300048828125,378004,0.0,0.0
2025-08-19 00:00:00+05:30,1279.0999755859375,1285.199951171875,1260.800048828125,1274.800048828125,1274.800048828125,175220,0.0,0.0
2025-08-20 00:00:00+05:30,1261.0,1285.0,1261.0,1278.199951171875,1278.199951171875,111165,0.0,0.0
2025-08-21 00:00:00+05:30,1284.199951171875,1307.300048828125,1280.699951171875,1295.199951171875,1295.199951171875,251782,0.0,0.0
2025-08-22 00:00:00+05:30,1295.199951171875,1305.0,1275.199951171875,1300.0999755859375,1300.0999755859375,123447,0.0,0.0
2025-08-25 00:00:00+05:30,1305.0,1319.0,1281.300048828125,1288.199951171875,1288.199951171875,166861,0.0,0.0
2025-08-26 00:00:00+05:30,1283.0,1287.199951171875,1250.9000244140625,1263.199951171875,1263.199951171875,218035,0.0,0.0
2025-08-28 00:00:00+05:30,1265.9000244140625,1288.800048828125,1261.0999755859375,1269.300048828125,1269.300048828125,156996,0.0,0.0
2025-08-29 00:00:00+05:30,1274.5999755859375,1280.800048828125,1240.199951171875,1249.0,1249.0,96605,0.0,0.0
2025-09-01 00:00:00+05:30,1254.4000244140625,1265.699951171875,1228.0,1239.800048828125,1239.800048828125,238774,0.0,0.0
2025-09-02 00:00:00+05:30,1240.0,1274.4000244140625,1220.0,1223.5,1223.5,286515,0.0,0.0
2025-09-03 00:00:00+05:30,1224.0,1275.5999755859375,1220.199951171875,1272.4000244140625,1272.4000244140625,250417,0.0,0.0
2025-09-04 00:00:00+05:30,1272.0,1282.0,1254.9000244140625,1261.4000244140625,1261.4000244140625,82608,0.0,0.0
2025-09-05 00:00:00+05:30,1263.4000244140625,1284.9000244140625,1256.0,1264.300048828125,1264.300048828125,144276,0.0,0.0
