Date,Adj Close,Close,High,Low,Open,Volume
2022-01-03,1849.526611328125,1922.8499755859373,1937.449951171875,1893.6500244140625,1895.0,1906676.0
2022-01-04,1863.6661376953125,1937.550048828125,1943.0,1914.550048828125,1922.8499755859373,1643920.0
2022-01-05,1874.294677734375,1948.5999755859373,1951.0,1927.6500244140625,1940.699951171875,1711667.0
2022-01-06,1851.11376953125,1924.5,1953.0,1919.5999755859373,1944.5,1372015.0
2022-01-07,1832.2611083984373,1904.9000244140625,1934.949951171875,1897.1500244140625,1929.050048828125,1447123.0
2022-01-10,1878.6231689453125,1953.0999755859373,1959.949951171875,1907.25,1910.0,2397846.0
2022-01-11,1886.3662109375,1961.1500244140625,1970.0,1937.6500244140625,1949.0,2232435.0
2022-01-12,1898.9183349609373,1974.199951171875,1984.0,1960.300048828125,1978.5,1585970.0
2022-01-13,1941.43310546875,2018.4000244140625,2029.0,1975.550048828125,1975.550048828125,2373324.0
2022-01-14,1966.7784423828125,2044.75,2049.949951171875,2007.0,2014.0,3124945.0
2022-01-17,1990.4881591796875,2069.39990234375,2071.949951171875,2042.0,2044.75,1858651.0
2022-01-18,1945.088134765625,2022.199951171875,2078.550048828125,2010.550048828125,2075.64990234375,1460676.0
2022-01-19,1943.837646484375,2020.9000244140625,2027.0,1987.0,2019.9000244140625,2336679.0
2022-01-20,1927.1011962890625,2003.5,2035.0,1984.0999755859373,2020.0,2031107.0
2022-01-21,1881.4605712890625,1956.050048828125,1994.800048828125,1943.050048828125,1982.1500244140625,2209132.0
2022-01-24,1827.4517822265625,1899.9000244140625,1959.0,1881.550048828125,1955.0,2307120.0
2022-01-25,1851.8831787109373,1925.300048828125,1931.300048828125,1850.0999755859373,1895.0,2998042.0
2022-01-27,1837.9842529296875,1910.8499755859373,1922.0,1867.0,1914.550048828125,2932713.0
2022-01-28,1825.1915283203125,1897.550048828125,1948.0,1891.300048828125,1916.0999755859373,2233620.0
2022-01-31,1836.3970947265625,1909.199951171875,1924.0,1850.449951171875,1890.199951171875,3161064.0
2022-02-01,1914.596923828125,1990.5,1999.9000244140625,1917.0,1928.6500244140625,5392787.0
2022-02-02,1907.094482421875,1982.699951171875,2008.0,1970.5999755859373,1995.0999755859373,3579380.0
2022-02-03,1859.9146728515625,1933.6500244140625,1985.0,1930.0,1981.5,2262217.0
2022-02-04,1873.6693115234373,1947.949951171875,1957.800048828125,1923.300048828125,1948.0,1440816.0
2022-02-07,1812.638916015625,1884.5,1947.5,1874.550048828125,1932.5,2641464.0
2022-02-08,1804.078369140625,1875.5999755859373,1896.949951171875,1848.0,1890.0,2040523.0
2022-02-09,1816.775146484375,1888.800048828125,1899.9000244140625,1875.5999755859373,1884.5,1390810.0
2022-02-10,1828.5098876953125,1901.0,1911.0,1881.0,1892.0,1288856.0
2022-02-11,1799.894287109375,1871.25,1889.0,1850.0,1889.0,1744894.0
2022-02-14,1730.3992919921875,1799.0,1846.949951171875,1795.0,1843.25,2290199.0
2022-02-15,1804.5113525390625,1876.050048828125,1882.0,1806.1500244140625,1810.0,2602134.0
2022-02-16,1789.74658203125,1860.699951171875,1887.300048828125,1842.1500244140625,1876.050048828125,1898439.0
2022-02-17,1797.4415283203125,1868.699951171875,1884.9000244140625,1854.0999755859373,1869.0,1459905.0
2022-02-18,1811.2923583984373,1883.0999755859373,1896.0,1865.1500244140625,1870.0,1912482.0
2022-02-21,1792.8726806640625,1863.949951171875,1883.9000244140625,1848.8499755859373,1874.949951171875,1262585.0
2022-02-22,1774.1162109375,1844.449951171875,1855.0,1800.5,1813.0,2288298.0
2022-02-23,1750.8870849609375,1820.300048828125,1852.0,1816.1500244140625,1849.0,1583872.0
2022-02-24,1690.337646484375,1757.3499755859375,1800.0,1751.0,1783.25,3616355.0
2022-02-25,1709.286376953125,1777.050048828125,1798.699951171875,1765.0,1782.0,2476882.0
2022-02-28,1747.4725341796875,1816.75,1822.25,1752.800048828125,1764.9000244140625,2553662.0
2022-03-02,1716.4522705078125,1784.5,1826.949951171875,1768.5,1800.0,3152628.0
2022-03-03,1685.480224609375,1752.300048828125,1813.550048828125,1745.550048828125,1810.0,2259979.0
2022-03-04,1646.4764404296875,1711.75,1754.050048828125,1703.0,1740.0,3906819.0
2022-03-07,1572.1241455078125,1634.449951171875,1666.800048828125,1605.550048828125,1658.25,6318251.0
2022-03-08,1595.2569580078125,1658.5,1666.0,1595.0,1627.9000244140625,4421730.0
2022-03-09,1626.469482421875,1690.949951171875,1699.800048828125,1650.050048828125,1676.5,3306502.0
2022-03-10,1662.299072265625,1728.199951171875,1758.0,1707.0,1740.0,2776325.0
2022-03-11,1662.73193359375,1728.6500244140625,1735.449951171875,1705.800048828125,1720.0,1577597.0
2022-03-14,1680.1417236328125,1746.75,1754.0,1715.5,1735.0,1558334.0
2022-03-15,1676.967529296875,1743.449951171875,1765.0,1726.5999755859375,1748.0,2062332.0
2022-03-16,1689.2314453125,1756.199951171875,1770.6500244140625,1746.199951171875,1761.0,2101909.0
2022-03-17,1719.72265625,1787.9000244140625,1804.5999755859373,1768.449951171875,1781.1500244140625,3383036.0
2022-03-21,1689.32763671875,1756.300048828125,1805.0,1745.0,1805.0,2301462.0
2022-03-22,1706.40087890625,1774.050048828125,1777.0,1721.1500244140625,1756.300048828125,3986030.0
2022-03-23,1699.860107421875,1767.25,1791.550048828125,1759.1500244140625,1780.0,1574226.0
2022-03-24,1703.996337890625,1771.550048828125,1779.699951171875,1751.0,1755.0,1580887.0
2022-03-25,1684.325927734375,1751.0999755859375,1777.9000244140625,1739.0,1775.5999755859375,1483897.0
2022-03-28,1675.1881103515625,1741.5999755859375,1755.0,1725.0999755859375,1752.0,1799629.0
2022-03-29,1680.045654296875,1746.6500244140625,1754.0999755859375,1733.0,1748.699951171875,2071779.0
2022-03-30,1705.9678955078125,1773.5999755859375,1777.050048828125,1754.0999755859375,1766.9000244140625,1712835.0
2022-03-31,1700.244873046875,1767.6500244140625,1781.3499755859375,1758.0,1779.949951171875,1401916.0
2022-04-01,1721.838623046875,1790.0999755859375,1794.0,1759.0,1759.0,2050573.0
2022-04-04,1756.7064208984375,1826.3499755859373,1829.8499755859373,1776.5999755859375,1784.0,1955281.0
2022-04-05,1766.0367431640625,1836.050048828125,1845.0,1827.0,1840.0,1718581.0
2022-04-06,1782.14794921875,1852.800048828125,1858.0,1827.699951171875,1833.0,2245496.0
2022-04-07,1756.658447265625,1826.300048828125,1855.8499755859373,1810.1500244140625,1849.9000244140625,2003954.0
2022-04-08,1760.938720703125,1830.75,1838.9000244140625,1818.050048828125,1835.4000244140625,1903321.0
2022-04-11,1713.566650390625,1781.5,1829.75,1779.0,1820.25,2262446.0
2022-04-12,1681.055419921875,1747.699951171875,1781.5,1733.5999755859375,1780.0,4215141.0
2022-04-13,1693.6561279296875,1760.800048828125,1772.8499755859375,1747.0999755859375,1754.199951171875,1673417.0
2022-04-18,1672.0621337890625,1738.3499755859375,1749.949951171875,1715.0,1746.300048828125,1808707.0
2022-04-19,1640.7052001953125,1705.75,1760.75,1687.0,1748.300048828125,2737766.0
2022-04-20,1627.0947265625,1691.5999755859375,1712.4000244140625,1671.3499755859375,1709.949951171875,3832617.0
2022-04-21,1649.12158203125,1714.5,1725.800048828125,1700.0,1702.949951171875,1797489.0
2022-04-22,1629.739990234375,1694.3499755859375,1716.4000244140625,1690.4000244140625,1701.0,1474689.0
2022-04-25,1594.15087890625,1657.3499755859375,1675.0,1652.0,1675.0,1964344.0
2022-04-26,1635.1263427734375,1699.949951171875,1703.0999755859375,1664.0,1680.0,2440990.0
2022-04-27,1613.099609375,1677.050048828125,1691.5999755859375,1666.699951171875,1675.0,1346726.0
2022-04-28,1653.6904296875,1719.25,1731.0,1680.0,1690.0,3117433.0
2022-04-29,1629.739990234375,1694.3499755859375,1739.0,1687.1500244140625,1731.0,2404830.0
2022-05-02,1615.4080810546875,1679.449951171875,1685.949951171875,1655.050048828125,1668.5999755859375,1399802.0
2022-05-04,1571.6429443359375,1633.949951171875,1681.9000244140625,1625.050048828125,1679.5,1777673.0
2022-05-05,1575.2021484375,1637.6500244140625,1671.199951171875,1633.0,1650.699951171875,1707752.0
2022-05-06,1560.581787109375,1622.449951171875,1633.0,1612.0999755859375,1616.0,1439520.0
2022-05-09,1554.52197265625,1616.1500244140625,1629.8499755859375,1591.25,1607.550048828125,1400010.0
2022-05-10,1546.634521484375,1607.949951171875,1629.5999755859375,1601.0,1611.0,1176030.0
2022-05-11,1510.901123046875,1570.800048828125,1609.0,1557.3499755859375,1600.5,2988788.0
2022-05-12,1467.9537353515625,1526.1500244140625,1554.949951171875,1513.0999755859375,1550.0,3407191.0
2022-05-13,1475.9853515625,1534.5,1574.9000244140625,1502.0,1530.0,4328846.0
2022-05-16,1484.065185546875,1542.9000244140625,1567.5,1539.449951171875,1550.0,1775914.0
2022-05-17,1542.9312744140625,1604.0999755859375,1607.9000244140625,1545.0,1545.0,1608711.0
2022-05-18,1512.536376953125,1572.5,1623.0,1565.0,1623.0,2984009.0
2022-05-19,1488.9224853515625,1547.949951171875,1562.75,1540.3499755859375,1550.0,1798843.0
2022-05-20,1548.70263671875,1610.0999755859375,1613.449951171875,1561.050048828125,1569.4000244140625,2175224.0
2022-05-23,1581.4542236328125,1644.1500244140625,1660.0,1605.5999755859375,1629.0,4177811.0
2022-05-24,1564.2850341796875,1626.300048828125,1653.699951171875,1610.0999755859375,1644.800048828125,1970395.0
2022-05-25,1514.7005615234375,1574.75,1639.699951171875,1571.0999755859375,1633.0,1417130.0
2022-05-26,1504.8897705078125,1564.550048828125,1588.9000244140625,1536.6500244140625,1575.0,3578710.0
2022-05-27,1539.2763671875,1600.300048828125,1606.0,1574.0,1575.199951171875,1279218.0
2022-05-30,1597.517333984375,1660.8499755859375,1663.699951171875,1613.5999755859375,1620.0,2119326.0
2022-05-31,1591.4095458984375,1654.5,1674.4000244140625,1645.0,1660.5,3534742.0
2022-06-01,1585.1573486328125,1648.0,1661.0,1638.449951171875,1653.550048828125,1425466.0
2022-06-02,1574.7210693359375,1637.1500244140625,1649.449951171875,1623.699951171875,1632.0,1852251.0
2022-06-03,1589.052978515625,1652.050048828125,1673.699951171875,1644.949951171875,1657.949951171875,2928263.0
2022-06-06,1577.65478515625,1640.199951171875,1662.300048828125,1634.0999755859375,1652.1500244140625,1538005.0
2022-06-07,1528.840087890625,1589.449951171875,1638.4000244140625,1586.0999755859375,1630.0,2157491.0
2022-06-08,1524.126953125,1584.550048828125,1607.800048828125,1570.0999755859375,1595.0,2122442.0
2022-06-09,1534.2744140625,1595.0999755859375,1600.0,1556.199951171875,1556.199951171875,1361104.0
2022-06-10,1524.6558837890625,1585.0999755859375,1594.5,1569.050048828125,1570.0,1337799.0
2022-06-13,1473.62890625,1532.050048828125,1565.949951171875,1518.300048828125,1560.1500244140625,2460367.0
2022-06-14,1485.7484130859375,1544.6500244140625,1554.300048828125,1525.199951171875,1532.050048828125,1983405.0
2022-06-15,1500.8497314453125,1560.3499755859375,1567.0,1539.050048828125,1547.949951171875,1461683.0
2022-06-16,1469.15625,1527.4000244140625,1575.0,1516.75,1568.4000244140625,2329325.0
2022-06-17,1433.13427734375,1489.949951171875,1529.949951171875,1481.4000244140625,1522.0,4548572.0
2022-06-20,1415.676513671875,1471.800048828125,1497.8499755859375,1456.3499755859375,1490.0,1837431.0
2022-06-21,1443.0897216796875,1500.300048828125,1515.199951171875,1476.9000244140625,1480.0,1458922.0
2022-06-22,1422.361328125,1478.75,1490.949951171875,1468.0,1490.0,1906619.0
2022-06-23,1437.318359375,1494.300048828125,1511.75,1481.5,1481.5,1828491.0
2022-06-24,1437.847412109375,1494.8499755859375,1512.0,1489.0,1501.75,1731440.0
2022-06-27,1477.23583984375,1535.800048828125,1544.699951171875,1509.75,1524.0,2389778.0
2022-06-28,1492.3372802734375,1551.5,1557.5,1524.0999755859375,1530.0,2072405.0
2022-06-29,1488.8743896484375,1547.9000244140625,1554.0,1525.4000244140625,1531.25,1480197.0
2022-06-30,1498.8297119140625,1558.25,1566.9000244140625,1542.0999755859375,1549.050048828125,3308971.0
2022-07-01,1512.1998291015625,1572.1500244140625,1576.0,1534.5999755859375,1560.949951171875,1294305.0
2022-07-04,1521.385498046875,1581.699951171875,1587.449951171875,1550.199951171875,1572.0999755859375,1269969.0
2022-07-05,1505.226318359375,1564.9000244140625,1597.25,1561.5999755859375,1584.0,1445200.0
2022-07-06,1496.8099365234375,1556.1500244140625,1590.5,1551.800048828125,1565.550048828125,2422594.0
2022-07-07,1549.66455078125,1611.0999755859375,1614.1500244140625,1565.6500244140625,1565.9000244140625,1697912.0
2022-07-08,1623.10302734375,1687.449951171875,1702.0,1618.0,1621.0,6516138.0
2022-07-11,1599.58544921875,1663.0,1688.8499755859375,1653.4000244140625,1684.949951171875,1316037.0
2022-07-12,1590.68798828125,1653.75,1672.9000244140625,1649.050048828125,1655.0,781516.0
2022-07-13,1584.43603515625,1647.25,1683.25,1644.4000244140625,1664.0,1914814.0
2022-07-14,1583.3780517578125,1646.1500244140625,1667.3499755859375,1634.5999755859375,1651.8499755859375,1170472.0
2022-07-15,1620.6021728515625,1684.8499755859375,1687.8499755859375,1649.199951171875,1653.9000244140625,1345141.0
2022-07-18,1661.7701416015625,1727.6500244140625,1734.5999755859375,1690.0,1696.050048828125,3200640.0
2022-07-19,1663.8382568359375,1729.800048828125,1734.949951171875,1714.0,1719.949951171875,1351783.0
2022-07-20,1673.60107421875,1739.949951171875,1746.8499755859375,1727.949951171875,1740.3499755859375,1509911.0
2022-07-21,1719.5826416015625,1765.1500244140625,1768.949951171875,1715.0999755859375,1726.9000244140625,2827327.0
2022-07-22,1722.115478515625,1767.75,1779.550048828125,1752.550048828125,1765.5,1495629.0
2022-07-25,1736.43603515625,1782.449951171875,1785.5,1760.050048828125,1765.0,1916615.0
2022-07-26,1706.04150390625,1751.25,1780.75,1741.9000244140625,1780.75,1585897.0
2022-07-27,1750.26953125,1796.6500244140625,1819.5,1750.0,1754.0,5369460.0
2022-07-28,1754.750732421875,1801.25,1816.0,1786.949951171875,1805.0,1831059.0
2022-07-29,1761.375244140625,1808.050048828125,1832.5,1794.0,1814.949951171875,1747781.0
2022-08-01,1767.8533935546875,1814.699951171875,1817.8499755859373,1790.300048828125,1808.0,1341943.0
2022-08-02,1746.762451171875,1793.050048828125,1811.6500244140625,1775.699951171875,1809.0,1749346.0
2022-08-03,1743.5963134765625,1789.800048828125,1804.0,1773.0,1793.050048828125,1264299.0
2022-08-04,1734.146728515625,1780.0999755859375,1814.800048828125,1775.0,1793.800048828125,1856927.0
2022-08-05,1741.3070068359375,1787.449951171875,1807.0,1775.300048828125,1782.949951171875,1430542.0
2022-08-08,1782.4176025390625,1829.6500244140625,1832.050048828125,1790.25,1796.4000244140625,2625195.0
2022-08-10,1807.25927734375,1855.1500244140625,1867.0,1822.25,1830.0,3422074.0
2022-08-11,1818.9495849609373,1867.1500244140625,1878.800048828125,1855.199951171875,1870.050048828125,1918049.0
2022-08-12,1798.783935546875,1846.449951171875,1869.0,1838.0,1865.0,1041383.0
2022-08-16,1801.170654296875,1848.9000244140625,1864.0,1842.0,1860.0,1426893.0
2022-08-17,1807.7950439453125,1855.699951171875,1867.3499755859373,1850.050048828125,1861.449951171875,1748371.0
2022-08-18,1845.642333984375,1894.550048828125,1898.550048828125,1850.0,1857.0,2519639.0
2022-08-19,1886.0709228515625,1936.050048828125,1942.0,1892.75,1894.0999755859373,4134598.0
2022-08-22,1832.10107421875,1880.6500244140625,1944.0,1875.0,1937.0999755859373,3175874.0
2022-08-23,1828.593994140625,1877.050048828125,1911.949951171875,1865.699951171875,1870.0,1811509.0
2022-08-24,1844.47314453125,1893.3499755859373,1898.0,1851.5999755859373,1876.0,1534933.0
2022-08-25,1829.4219970703125,1877.9000244140625,1918.0,1873.0,1900.0,1121363.0
2022-08-26,1856.2120361328125,1905.4000244140625,1912.0,1887.199951171875,1890.199951171875,1119310.0
2022-08-29,1832.9290771484373,1881.5,1890.0,1861.0,1870.0,1183546.0
2022-08-30,1872.87060546875,1922.5,1928.0,1889.1500244140625,1893.9000244140625,1394462.0
2022-09-01,1863.567138671875,1912.949951171875,1930.5,1892.0999755859373,1905.0,2014905.0
2022-09-02,1890.4061279296875,1940.5,1958.800048828125,1900.25,1900.5,3201140.0
2022-09-05,1917.5369873046875,1968.3499755859373,1972.75,1942.0999755859373,1947.949951171875,2474746.0
2022-09-06,1911.643310546875,1962.300048828125,1985.0999755859373,1951.300048828125,1973.800048828125,1172733.0
2022-09-07,1907.5516357421875,1958.0999755859373,1961.3499755859373,1934.0,1941.0999755859373,1238549.0
2022-09-08,1923.430908203125,1974.4000244140625,1977.0,1947.550048828125,1967.9000244140625,1632797.0
2022-09-09,1899.417236328125,1949.75,1987.4000244140625,1944.0,1977.3499755859373,980869.0
2022-09-12,1911.2535400390625,1961.9000244140625,1967.0,1947.9000244140625,1949.75,791708.0
2022-09-13,1939.943359375,1991.3499755859373,1995.0,1963.0999755859373,1968.9000244140625,1761021.0
2022-09-14,1903.4599609375,1953.9000244140625,1972.949951171875,1949.4000244140625,1964.6500244140625,2322752.0
2022-09-15,1906.967041015625,1957.5,1984.699951171875,1954.800048828125,1959.0999755859373,1566565.0
2022-09-16,1870.43505859375,1920.0,1956.9000244140625,1915.0,1947.0,3881617.0
2022-09-19,1861.3753662109373,1910.699951171875,1931.949951171875,1905.0,1921.0999755859373,1755456.0
2022-09-20,1882.8072509765625,1932.699951171875,1955.800048828125,1925.0,1931.0,1666658.0
2022-09-21,1846.7138671875,1895.6500244140625,1946.300048828125,1891.5999755859373,1921.0999755859373,1618385.0
2022-09-22,1839.4560546875,1888.199951171875,1905.5999755859373,1873.0,1882.0,1875115.0
2022-09-23,1808.9154052734373,1856.8499755859373,1895.449951171875,1852.550048828125,1890.0,1948766.0
2022-09-26,1803.6546630859373,1851.449951171875,1876.800048828125,1818.0,1849.0,1529101.0
2022-09-27,1793.6693115234375,1841.199951171875,1864.0,1832.5,1856.0,1443698.0
2022-09-28,1788.0677490234375,1835.449951171875,1856.0,1825.5999755859373,1829.699951171875,1853503.0
2022-09-29,1768.6328125,1815.5,1857.4000244140625,1797.4000244140625,1844.6500244140625,2377718.0
2022-09-30,1800.0015869140625,1847.699951171875,1882.949951171875,1816.050048828125,1823.949951171875,2339518.0
2022-10-03,1772.3348388671875,1819.300048828125,1852.0,1814.0,1852.0,1850414.0
2022-10-04,1823.2359619140625,1871.550048828125,1880.949951171875,1835.300048828125,1835.300048828125,1637532.0
2022-10-06,1863.567138671875,1912.949951171875,1919.0,1878.0999755859373,1882.0,2771898.0
2022-10-07,1874.8677978515625,1924.550048828125,1928.949951171875,1903.050048828125,1905.0,1469264.0
2022-10-10,1860.3524169921875,1909.6500244140625,1917.0,1883.5,1905.0,1656954.0
2022-10-11,1830.44482421875,1878.949951171875,1923.800048828125,1871.25,1923.800048828125,1047963.0
2022-10-12,1861.9111328125,1911.25,1916.0,1858.050048828125,1880.0,1907748.0
2022-10-13,1827.7171630859373,1876.1500244140625,1912.0,1868.25,1901.0,1303645.0
2022-10-14,1862.2520751953125,1911.5999755859373,1936.75,1898.449951171875,1900.0,1819114.0
2022-10-17,1834.5850830078125,1883.199951171875,1914.0,1878.4000244140625,1902.9000244140625,2588147.0
2022-10-18,1868.584228515625,1918.0999755859373,1931.199951171875,1893.0999755859373,1893.0999755859373,1401849.0
2022-10-19,1855.7249755859373,1904.9000244140625,1947.0,1901.6500244140625,1920.0,1636141.0
2022-10-20,1854.994384765625,1904.1500244140625,1917.800048828125,1886.300048828125,1898.6500244140625,1374019.0
2022-10-21,1828.3016357421875,1876.75,1925.0,1867.0999755859373,1913.699951171875,2225676.0
2022-10-24,1860.44970703125,1909.75,1919.9000244140625,1900.0,1906.0,269400.0
2022-10-25,1898.783935546875,1949.0999755859373,1954.6500244140625,1891.550048828125,1915.0,2136147.0
2022-10-27,1913.34814453125,1964.050048828125,1971.8499755859373,1949.9000244140625,1952.0999755859373,2245395.0
2022-10-28,1924.0640869140625,1975.050048828125,1986.0,1963.800048828125,1972.0,2013794.0
2022-10-31,1970.8736572265625,2023.0999755859373,2034.6500244140625,1978.199951171875,1986.0,3176507.0
2022-11-01,1972.188720703125,2024.449951171875,2056.0,1990.050048828125,2032.0,4464211.0
2022-11-02,1961.32666015625,2013.300048828125,2042.0,2000.0,2036.5,1889651.0
2022-11-03,1956.845458984375,2008.699951171875,2022.5,1993.0,2006.0,1052241.0
2022-11-04,1963.080078125,2015.0999755859373,2029.3499755859373,2004.75,2010.0,2312753.0
2022-11-07,1965.5643310546875,2017.6500244140625,2032.0,1993.0,2021.4000244140625,1395070.0
2022-11-09,1951.7796630859373,2003.5,2036.949951171875,1996.25,2025.050048828125,1301233.0
2022-11-10,1926.5970458984373,1977.6500244140625,2001.8499755859373,1970.199951171875,1995.0,1261210.0
2022-11-11,1959.1834716796875,2011.0999755859373,2018.800048828125,1991.949951171875,2003.5999755859373,1203125.0
2022-11-14,1948.17529296875,1999.800048828125,2021.9000244140625,1995.25,2013.050048828125,1175155.0
2022-11-15,1945.009033203125,1996.550048828125,2017.0,1978.0999755859373,2003.0,1450841.0
2022-11-16,1951.8770751953125,2003.5999755859373,2009.8499755859373,1985.050048828125,1986.0,1195832.0
2022-11-17,1977.1572265625,2029.550048828125,2059.0,2001.0999755859373,2002.0,3786182.0
2022-11-18,1972.188720703125,2024.449951171875,2050.949951171875,2006.8499755859373,2039.0,1248459.0
2022-11-21,1959.5242919921875,2011.449951171875,2033.0,2007.0,2019.0,714687.0
2022-11-22,1977.4007568359373,2029.800048828125,2033.1500244140625,2019.5999755859373,2021.550048828125,1337869.0
2022-11-23,1972.724609375,2025.0,2044.0,2018.0,2038.949951171875,1046988.0
2022-11-24,1999.222412109375,2052.199951171875,2060.0,2028.4000244140625,2030.5,1611889.0
2022-11-25,2009.500244140625,2062.75,2095.800048828125,2058.449951171875,2061.0,2652761.0
2022-11-28,2011.1561279296875,2064.449951171875,2072.0,2052.0,2064.35009765625,1105372.0
2022-11-29,1997.6151123046875,2050.550048828125,2072.0,2038.5999755859373,2070.0,1413764.0
2022-11-30,2021.2879638671875,2074.85009765625,2086.0,2045.0,2053.0,2104550.0
2022-12-01,2049.928466796875,2104.25,2110.0,2079.449951171875,2085.25,2614357.0
2022-12-02,2031.66259765625,2085.5,2098.89990234375,2069.14990234375,2096.10009765625,1957264.0
2022-12-05,2031.7603759765625,2085.60009765625,2096.800048828125,2068.85009765625,2095.949951171875,1767537.0
2022-12-06,2039.4564208984373,2093.5,2100.0,2067.0,2081.0,1530731.0
2022-12-07,2069.1689453125,2124.0,2144.0,2096.300048828125,2096.300048828125,3438327.0
2022-12-08,2111.74072265625,2167.699951171875,2175.0,2120.0,2120.0,3743754.0
2022-12-09,2098.443359375,2154.050048828125,2194.35009765625,2137.5,2168.0,2573609.0
2022-12-12,2107.843994140625,2163.699951171875,2169.0,2134.550048828125,2148.89990234375,1536090.0
2022-12-13,2116.806396484375,2172.89990234375,2175.699951171875,2152.5,2170.0,1233124.0
2022-12-14,2138.7744140625,2195.449951171875,2210.0,2175.050048828125,2176.949951171875,1516631.0
2022-12-15,2121.336669921875,2177.550048828125,2209.0,2173.60009765625,2196.699951171875,1323412.0
2022-12-16,2118.852294921875,2175.0,2211.60009765625,2161.0,2161.0,2822390.0
2022-12-19,2127.6201171875,2184.0,2187.449951171875,2155.050048828125,2171.0,1592779.0
2022-12-20,2107.40576171875,2163.25,2179.89990234375,2138.0,2179.89990234375,1747181.0
2022-12-21,2090.893310546875,2146.300048828125,2174.949951171875,2142.85009765625,2153.10009765625,1979681.0
2022-12-22,2055.4814453125,2109.949951171875,2148.35009765625,2096.89990234375,2144.0,1993744.0
2022-12-23,2009.500244140625,2062.75,2104.14990234375,2050.10009765625,2094.5,2026125.0
2022-12-26,2037.0694580078125,2091.050048828125,2108.0,2051.0,2052.75,1154610.0
2022-12-27,2069.266357421875,2124.10009765625,2128.0,2085.0,2101.550048828125,1059351.0
2022-12-28,2066.34375,2121.10009765625,2136.0,2113.64990234375,2129.0,1153883.0
2022-12-29,2056.406982421875,2110.89990234375,2120.550048828125,2094.14990234375,2109.64990234375,1517150.0
2022-12-30,2031.955078125,2085.800048828125,2133.0,2081.10009765625,2115.0,1189427.0
2023-01-02,2035.5107421875,2089.449951171875,2097.60009765625,2075.050048828125,2092.89990234375,807344.0
2023-01-03,2035.023681640625,2088.949951171875,2096.800048828125,2067.949951171875,2088.0,1260225.0
2023-01-04,2017.0987548828125,2070.550048828125,2101.449951171875,2058.0,2090.949951171875,1015547.0
2023-01-05,2033.4652099609373,2087.35009765625,2099.199951171875,2068.5,2080.0,1881403.0
2023-01-06,2032.685791015625,2086.550048828125,2121.699951171875,2071.85009765625,2090.199951171875,1877917.0
2023-01-09,2066.92822265625,2121.699951171875,2127.300048828125,2100.75,2108.0,1844365.0
2023-01-10,2052.266845703125,2106.64990234375,2131.89990234375,2097.199951171875,2131.89990234375,1425414.0
2023-01-11,2070.484130859375,2125.35009765625,2140.0,2097.10009765625,2106.10009765625,1455621.0
2023-01-12,2103.995849609375,2159.75,2164.64990234375,2118.10009765625,2118.10009765625,2726901.0
2023-01-13,2097.809814453125,2153.39990234375,2164.85009765625,2117.199951171875,2161.89990234375,2180210.0
2023-01-16,2082.028076171875,2137.199951171875,2161.0,2132.300048828125,2147.0,1009649.0
2023-01-17,2155.968994140625,2213.10009765625,2217.800048828125,2136.39990234375,2139.89990234375,4645453.0
2023-01-18,2207.990234375,2266.5,2274.800048828125,2200.0,2221.0,4090049.0
2023-01-19,2214.419921875,2273.10009765625,2283.800048828125,2241.0,2259.85009765625,2176835.0
2023-01-20,2191.867431640625,2249.949951171875,2297.64990234375,2238.449951171875,2282.449951171875,1962410.0
2023-01-23,2175.842041015625,2233.5,2273.300048828125,2227.0,2255.0,1466706.0
2023-01-24,2150.513427734375,2207.5,2252.300048828125,2200.0,2244.699951171875,1036962.0
2023-01-25,2118.560302734375,2174.699951171875,2205.0,2155.0,2201.0,2134447.0
2023-01-27,2104.093505859375,2159.85009765625,2195.0,2127.10009765625,2174.699951171875,1647900.0
2023-01-30,2058.35546875,2112.89990234375,2173.25,2083.800048828125,2129.39990234375,3441304.0
2023-01-31,2069.55859375,2124.39990234375,2132.75,2072.64990234375,2119.949951171875,4516463.0
2023-02-01,2090.16259765625,2145.550048828125,2215.949951171875,2080.300048828125,2133.0,6868872.0
2023-02-02,2089.529541015625,2144.89990234375,2166.949951171875,2107.85009765625,2135.60009765625,3488506.0
2023-02-03,2110.62060546875,2166.550048828125,2181.85009765625,2131.050048828125,2176.949951171875,2045634.0
2023-02-06,2100.4404296875,2156.10009765625,2181.60009765625,2142.300048828125,2164.25,1332484.0
2023-02-07,2109.402587890625,2165.300048828125,2172.0,2150.050048828125,2162.25,1089248.0
2023-02-08,2075.84228515625,2130.85009765625,2175.25,2125.550048828125,2160.550048828125,1452145.0
2023-02-09,2091.96484375,2147.39990234375,2151.949951171875,2135.699951171875,2150.0,1563181.0
2023-02-10,2107.989990234375,2163.85009765625,2169.949951171875,2137.550048828125,2140.199951171875,1454665.0
2023-02-13,2146.421630859375,2203.300048828125,2210.39990234375,2160.199951171875,2173.0,2978938.0
2023-02-14,2135.072509765625,2191.64990234375,2216.0,2182.14990234375,2215.0,1874906.0
2023-02-15,2118.9013671875,2175.050048828125,2187.85009765625,2157.25,2186.0,1946344.0
2023-02-16,2122.0673828125,2178.300048828125,2202.300048828125,2171.699951171875,2186.800048828125,2464602.0
2023-02-17,2168.876953125,2226.35009765625,2249.0,2160.0,2169.800048828125,3753179.0
2023-02-20,2168.048583984375,2225.5,2252.0,2215.0,2233.699951171875,1779752.0
2023-02-21,2171.896728515625,2229.449951171875,2262.0,2222.699951171875,2239.0,1882604.0
2023-02-22,2138.092529296875,2194.75,2241.0,2182.050048828125,2229.0,2103097.0
2023-02-23,2103.411376953125,2159.14990234375,2208.199951171875,2153.5,2204.0,2000556.0
2023-02-24,2078.959228515625,2134.050048828125,2172.300048828125,2118.75,2160.0,1479060.0
2023-02-27,2059.135009765625,2113.699951171875,2139.89990234375,2082.10009765625,2134.050048828125,1398112.0
2023-02-28,2054.7021484375,2109.14990234375,2138.300048828125,2085.0,2115.0,2108587.0
2023-03-01,2060.693359375,2115.300048828125,2130.0,2100.0,2100.0,1389077.0
2023-03-02,2066.8310546875,2121.60009765625,2149.0,2107.550048828125,2129.949951171875,1727640.0
2023-03-03,2096.494873046875,2152.050048828125,2159.89990234375,2132.25,2140.0,1821066.0
2023-03-06,2085.876220703125,2141.14990234375,2184.85009765625,2139.800048828125,2158.25,1821012.0
2023-03-08,2114.7607421875,2170.800048828125,2189.60009765625,2140.60009765625,2152.0,2965342.0
2023-03-09,2136.58251953125,2193.199951171875,2199.0,2171.5,2174.949951171875,1873933.0
2023-03-10,2102.145263671875,2157.85009765625,2182.0,2133.0,2171.5,1900535.0
2023-03-13,2078.764892578125,2133.85009765625,2178.949951171875,2107.0,2164.050048828125,2334468.0
2023-03-14,2088.847412109375,2144.199951171875,2171.0,2134.39990234375,2144.35009765625,2871343.0
2023-03-15,2120.459716796875,2176.64990234375,2212.449951171875,2160.0,2164.199951171875,3044201.0
2023-03-16,2117.48876953125,2173.60009765625,2187.0,2132.0,2184.89990234375,2946792.0
2023-03-17,2139.066650390625,2195.75,2228.89990234375,2186.699951171875,2186.699951171875,3286473.0
2023-03-20,2121.336669921875,2177.550048828125,2205.0,2152.0,2191.10009765625,1996773.0
2023-03-21,2151.43896484375,2208.449951171875,2227.0,2182.0,2182.699951171875,3178680.0
2023-03-22,2156.796875,2213.949951171875,2246.25,2207.89990234375,2219.5,1956033.0
2023-03-23,2149.685302734375,2206.64990234375,2242.0,2200.550048828125,2214.0,2455799.0
2023-03-24,2110.230712890625,2166.14990234375,2219.35009765625,2153.050048828125,2206.0,1449544.0
2023-03-27,2098.39453125,2154.0,2190.0,2150.0,2175.050048828125,1540581.0
2023-03-28,2078.521240234375,2133.60009765625,2169.800048828125,2122.449951171875,2167.75,1627243.0
2023-03-29,2092.013427734375,2147.449951171875,2159.300048828125,2121.0,2137.64990234375,2372385.0
2023-03-31,2108.3310546875,2164.199951171875,2176.949951171875,2150.550048828125,2156.5,1489542.0
2023-04-03,2114.12744140625,2170.14990234375,2183.5,2155.0,2180.0,1231654.0
2023-04-05,2199.46630859375,2257.75,2262.5,2165.0,2170.0,2763363.0
2023-04-06,2215.5400390625,2274.25,2291.64990234375,2254.449951171875,2257.75,2389899.0
2023-04-10,2250.0751953125,2309.699951171875,2319.89990234375,2278.050048828125,2284.89990234375,1955914.0
2023-04-11,2242.0869140625,2301.5,2330.0,2287.300048828125,2320.0,1342440.0
2023-04-12,2229.42236328125,2288.5,2312.699951171875,2281.949951171875,2304.0,1165839.0
2023-04-13,2200.4404296875,2258.75,2295.0,2242.449951171875,2294.800048828125,1956668.0
2023-04-17,2156.845458984375,2214.0,2273.800048828125,2201.14990234375,2258.75,4125850.0
2023-04-18,2159.37841796875,2216.60009765625,2230.0,2188.0,2220.0,2848601.0
2023-04-19,2162.301025390625,2219.60009765625,2235.0,2208.10009765625,2208.10009765625,1970015.0
2023-04-20,2175.111328125,2232.75,2251.449951171875,2222.25,2225.0,1898996.0
2023-04-21,2158.014404296875,2215.199951171875,2243.0,2202.0,2240.14990234375,1009316.0
2023-04-24,2171.36083984375,2228.89990234375,2232.699951171875,2186.550048828125,2220.0,1239073.0
2023-04-25,2189.919189453125,2247.949951171875,2254.0,2218.10009765625,2231.050048828125,1350118.0
2023-04-26,2217.39111328125,2276.14990234375,2287.300048828125,2244.050048828125,2247.85009765625,1894812.0
2023-04-27,2246.0810546875,2305.60009765625,2310.0,2267.10009765625,2275.75,1252989.0
2023-04-28,2303.36279296875,2364.39990234375,2369.0,2312.300048828125,2312.300048828125,2884961.0
2023-05-02,2322.8955078125,2384.449951171875,2416.35009765625,2373.199951171875,2373.199951171875,1840153.0
2023-05-03,2295.47216796875,2356.300048828125,2390.0,2348.5,2384.10009765625,998235.0
2023-05-04,2296.056396484375,2356.89990234375,2381.64990234375,2342.85009765625,2361.800048828125,1230912.0
2023-05-05,2316.125,2377.5,2406.949951171875,2357.0,2357.0,2425866.0
2023-05-08,2304.337158203125,2365.39990234375,2385.0,2354.050048828125,2377.449951171875,1583576.0
2023-05-09,2313.056396484375,2374.35009765625,2401.89990234375,2367.64990234375,2367.64990234375,1417301.0
2023-05-10,2303.41162109375,2364.449951171875,2388.949951171875,2350.0,2387.0,1675409.0
2023-05-11,2184.268798828125,2242.14990234375,2314.050048828125,2237.35009765625,2300.0,9470848.0
2023-05-12,2163.76220703125,2221.10009765625,2235.0,2197.35009765625,2222.64990234375,5367292.0
2023-05-15,2188.847900390625,2246.85009765625,2260.0,2215.0,2220.89990234375,2662740.0
2023-05-16,2169.704833984375,2227.199951171875,2255.0,2223.10009765625,2254.60009765625,2528855.0
2023-05-17,2162.301025390625,2219.60009765625,2244.0,2210.199951171875,2224.35009765625,1961004.0
2023-05-18,2131.711669921875,2188.199951171875,2233.550048828125,2181.0,2230.0,2290757.0
2023-05-19,2133.513671875,2190.050048828125,2199.050048828125,2168.5,2192.0,1729803.0
2023-05-22,2159.37841796875,2216.60009765625,2222.0,2178.39990234375,2190.0,1112099.0
2023-05-23,2140.917724609375,2197.64990234375,2228.60009765625,2194.0,2225.60009765625,2265389.0
2023-05-24,2128.740234375,2185.14990234375,2208.5,2176.0,2200.0,2648479.0
2023-05-25,2147.785400390625,2204.699951171875,2207.300048828125,2178.0,2190.0,1689521.0
2023-05-26,2161.1806640625,2218.449951171875,2220.75,2201.0,2209.0,1249128.0
2023-05-29,2167.123291015625,2224.550048828125,2241.800048828125,2220.199951171875,2225.0,1369656.0
2023-05-30,2153.728271484375,2210.800048828125,2237.0,2207.199951171875,2230.0,1716729.0
2023-05-31,2148.711181640625,2205.64990234375,2224.0,2200.0,2201.10009765625,2809284.0
2023-06-01,2150.8056640625,2207.800048828125,2222.0,2202.14990234375,2217.0,1049488.0
2023-06-02,2176.864990234375,2234.550048828125,2237.300048828125,2212.14990234375,2221.0,1399950.0
2023-06-05,2209.743896484375,2268.300048828125,2272.800048828125,2240.0,2245.0,2344944.0
2023-06-06,2219.14453125,2277.949951171875,2280.699951171875,2263.699951171875,2269.0,1677680.0
2023-06-07,2255.7255859375,2315.5,2318.0,2278.0,2278.0,2128603.0
2023-06-08,2279.885009765625,2340.300048828125,2345.050048828125,2312.75,2316.949951171875,2556995.0
2023-06-09,2301.9990234375,2363.0,2368.85009765625,2338.25,2345.0,2501720.0
2023-06-12,2279.544189453125,2339.949951171875,2370.0,2333.10009765625,2365.0,1172382.0
2023-06-13,2293.62109375,2354.39990234375,2357.89990234375,2327.10009765625,2345.85009765625,1688768.0
2023-06-14,2294.25439453125,2355.050048828125,2360.0,2340.0,2352.89990234375,1013564.0
2023-06-15,2300.3427734375,2361.300048828125,2369.5,2349.0,2355.0,2561534.0
2023-06-16,2305.701171875,2366.800048828125,2380.0,2352.25,2363.75,1794542.0
2023-06-19,2305.2626953125,2366.35009765625,2419.89990234375,2361.0,2379.0,3111256.0
2023-06-20,2320.508544921875,2382.0,2389.64990234375,2354.449951171875,2364.949951171875,1771306.0
2023-06-21,2332.63720703125,2394.449951171875,2412.0,2382.0,2382.0,1607299.0
2023-06-22,2353.87451171875,2416.25,2424.0,2380.0,2394.60009765625,1741775.0
2023-06-23,2327.86376953125,2389.550048828125,2427.0,2383.25,2418.949951171875,1212955.0
2023-06-26,2316.173583984375,2377.550048828125,2403.85009765625,2367.949951171875,2398.10009765625,793572.0
2023-06-27,2326.402587890625,2388.050048828125,2396.949951171875,2371.550048828125,2387.449951171875,1012317.0
2023-06-28,2358.940185546875,2421.449951171875,2432.89990234375,2390.050048828125,2400.0,1734938.0
2023-06-30,2411.643798828125,2475.550048828125,2483.5,2415.050048828125,2420.0,2690699.0
2023-07-03,2390.69873046875,2454.050048828125,2492.39990234375,2448.0,2478.199951171875,1078456.0
2023-07-04,2398.297607421875,2461.85009765625,2484.39990234375,2458.199951171875,2458.199951171875,1441581.0
2023-07-05,2407.01611328125,2470.800048828125,2484.949951171875,2454.35009765625,2461.0,1191896.0
2023-07-06,2424.35693359375,2488.60009765625,2499.949951171875,2467.550048828125,2468.10009765625,1796824.0
2023-07-07,2386.120361328125,2449.35009765625,2504.0,2444.60009765625,2482.75,1837661.0
2023-07-10,2375.79345703125,2438.75,2463.35009765625,2420.0,2450.0,1178479.0
2023-07-11,2410.66943359375,2474.550048828125,2479.0,2447.199951171875,2447.199951171875,1219658.0
2023-07-12,2391.575439453125,2454.949951171875,2485.949951171875,2447.800048828125,2480.300048828125,1822435.0
2023-07-13,2386.8994140625,2450.14990234375,2484.89990234375,2446.25,2466.0,1141663.0
2023-07-14,2408.4287109375,2472.25,2477.050048828125,2448.64990234375,2450.25,845623.0
2023-07-17,2405.06787109375,2468.800048828125,2494.0,2465.0,2475.0,878697.0
2023-07-18,2410.815673828125,2474.699951171875,2489.949951171875,2468.10009765625,2469.0,720865.0
2023-07-19,2429.76318359375,2494.14990234375,2502.949951171875,2466.39990234375,2474.60009765625,1431080.0
2023-07-20,2425.428466796875,2489.699951171875,2495.699951171875,2469.050048828125,2494.0,1045704.0
2023-07-21,2519.48583984375,2586.25,2595.0,2521.10009765625,2522.0,4610417.0
2023-07-24,2537.995361328125,2605.25,2638.0,2583.89990234375,2637.64990234375,2155297.0
2023-07-25,2494.790283203125,2560.89990234375,2617.75,2553.0,2616.0,2068876.0
2023-07-26,2577.93701171875,2646.25,2673.85009765625,2585.0,2591.0,5820099.0
2023-07-27,2591.527099609375,2660.199951171875,2676.35009765625,2646.449951171875,2668.949951171875,2117794.0
2023-07-28,2581.15185546875,2649.550048828125,2668.14990234375,2625.0,2660.14990234375,1325724.0
2023-07-31,2612.131103515625,2681.35009765625,2690.0,2631.10009765625,2655.0,1284981.0
2023-08-01,2597.810302734375,2666.64990234375,2689.0,2655.35009765625,2681.35009765625,1298745.0
2023-08-02,2577.658203125,2622.14990234375,2644.949951171875,2602.699951171875,2638.0,1479486.0
2023-08-03,2554.016357421875,2598.10009765625,2642.75,2586.300048828125,2615.0,1612618.0
2023-08-04,2582.327392578125,2626.89990234375,2635.0,2598.5,2605.0,1101278.0
2023-08-07,2591.1748046875,2635.89990234375,2654.0,2623.10009765625,2628.0,1163125.0
2023-08-08,2587.53759765625,2632.199951171875,2649.5,2628.300048828125,2639.050048828125,767310.0
2023-08-09,2606.608642578125,2651.60009765625,2655.0,2615.25,2635.0,906865.0
2023-08-10,2598.64599609375,2643.5,2661.60009765625,2621.64990234375,2640.10009765625,1040041.0
2023-08-11,2593.73095703125,2638.5,2656.89990234375,2631.25,2642.050048828125,1320121.0
2023-08-14,2614.767578125,2659.89990234375,2663.550048828125,2616.0,2637.0,1364413.0
2023-08-16,2645.38916015625,2691.050048828125,2695.0,2652.050048828125,2669.0,1703875.0
2023-08-17,2607.493408203125,2652.5,2691.050048828125,2642.0,2691.050048828125,1629067.0
2023-08-18,2597.122314453125,2641.949951171875,2674.699951171875,2632.75,2650.0,1898966.0
2023-08-21,2617.077880859375,2662.25,2666.60009765625,2623.449951171875,2641.85009765625,1376318.0
2023-08-22,2633.346923828125,2678.800048828125,2685.64990234375,2662.0,2668.0,1497180.0
2023-08-23,2671.48876953125,2717.60009765625,2726.0,2682.449951171875,2689.550048828125,1990672.0
2023-08-24,2642.538330078125,2688.14990234375,2766.800048828125,2680.60009765625,2747.5,2619182.0
2023-08-25,2593.632568359375,2638.39990234375,2682.699951171875,2631.0,2677.449951171875,1408427.0
2023-08-28,2649.616455078125,2695.35009765625,2700.0,2650.050048828125,2653.550048828125,1551734.0
2023-08-29,2672.81591796875,2718.949951171875,2722.10009765625,2696.300048828125,2710.0,1101830.0
2023-08-30,2663.03466796875,2709.0,2737.64990234375,2707.0,2722.949951171875,1920079.0
2023-08-31,2656.841552734375,2702.699951171875,2724.60009765625,2678.35009765625,2720.0,2439625.0
2023-09-01,2656.251708984375,2702.10009765625,2715.949951171875,2688.300048828125,2710.0,1263430.0
2023-09-04,2665.09912109375,2711.10009765625,2742.0,2705.0,2733.0,1548282.0
2023-09-05,2686.578125,2732.949951171875,2739.0,2720.0,2720.5,1066447.0
2023-09-06,2684.12060546875,2730.449951171875,2742.800048828125,2712.0,2740.0,1747425.0
2023-09-07,2798.103271484375,2846.39990234375,2855.949951171875,2730.0,2733.0,4100519.0
2023-09-08,2852.366943359375,2901.60009765625,2928.699951171875,2872.449951171875,2888.0,3638510.0
2023-09-11,2845.09228515625,2894.199951171875,2926.0,2890.050048828125,2905.0,1545803.0
2023-09-12,2894.145751953125,2944.10009765625,3009.0,2932.449951171875,2951.60009765625,7788759.0
2023-09-13,2857.42919921875,2906.75,2943.699951171875,2888.449951171875,2943.5,2458417.0
2023-09-14,2869.078125,2918.60009765625,2931.64990234375,2906.0,2924.89990234375,1910041.0
2023-09-15,2859.19873046875,2908.550048828125,2934.949951171875,2900.0,2933.0,1655275.0
2023-09-18,2870.306884765625,2919.85009765625,2930.0,2907.0,2910.0,736631.0
2023-09-20,2840.96337890625,2890.0,2944.949951171875,2886.050048828125,2926.949951171875,1399240.0
2023-09-21,2850.15478515625,2899.35009765625,2905.10009765625,2846.050048828125,2885.050048828125,2444711.0
2023-09-22,2868.97998046875,2918.5,2936.449951171875,2902.25,2908.699951171875,1965569.0
2023-09-25,2853.25146484375,2902.5,2923.800048828125,2871.0,2917.949951171875,1049532.0
2023-09-26,2863.131103515625,2912.550048828125,2944.0,2910.0,2915.0,953456.0
2023-09-27,2914.739990234375,2965.050048828125,2994.89990234375,2911.64990234375,2922.0,2903693.0
2023-09-28,2958.92724609375,3010.0,3050.5,2978.25,2989.0,4081102.0
2023-09-29,2972.24755859375,3023.550048828125,3058.35009765625,3005.25,3040.0,2698016.0
2023-10-03,3021.104248046875,3073.25,3077.449951171875,2995.10009765625,3040.5,3254492.0
2023-10-04,2976.376220703125,3027.75,3064.10009765625,2990.050048828125,3064.10009765625,3100946.0
2023-10-05,3043.517333984375,3096.050048828125,3114.89990234375,3032.550048828125,3032.550048828125,3413447.0
2023-10-06,3041.207275390625,3093.699951171875,3114.949951171875,3073.14990234375,3114.949951171875,1898118.0
2023-10-09,3022.529296875,3074.699951171875,3085.0,3055.550048828125,3075.0,1181760.0
2023-10-10,3023.8076171875,3076.0,3099.0,3072.14990234375,3073.85009765625,1551789.0
2023-10-11,3036.2919921875,3088.699951171875,3110.0,3084.39990234375,3090.0,2066921.0
2023-10-12,3029.4599609375,3081.75,3105.050048828125,3067.050048828125,3094.0,1870280.0
2023-10-13,3037.1767578125,3089.60009765625,3099.0,3063.5,3067.75,1437808.0
2023-10-16,3049.26806640625,3101.89990234375,3113.25,3074.699951171875,3098.949951171875,818794.0
2023-10-17,3014.272216796875,3066.300048828125,3114.199951171875,3063.0,3109.89990234375,1847182.0
2023-10-18,2993.92333984375,3045.60009765625,3079.14990234375,3037.14990234375,3068.64990234375,1350839.0
2023-10-19,3002.573974609375,3054.39990234375,3069.89990234375,3007.14990234375,3025.60009765625,1599104.0
2023-10-20,2961.237548828125,3012.35009765625,3056.25,2977.300048828125,3039.949951171875,1667471.0
2023-10-23,2908.104736328125,2958.300048828125,3006.89990234375,2949.0,3003.0,1614030.0
2023-10-25,2866.62060546875,2916.10009765625,2965.5,2910.300048828125,2959.0,2108353.0
2023-10-26,2815.99462890625,2864.60009765625,2916.14990234375,2857.050048828125,2906.0,3286109.0
2023-10-27,2852.66162109375,2901.89990234375,2910.550048828125,2857.64990234375,2864.64990234375,2399538.0
2023-10-30,2876.69677734375,2926.35009765625,2932.0,2856.14990234375,2899.199951171875,1693052.0
2023-10-31,2879.35107421875,2929.050048828125,2951.550048828125,2907.949951171875,2929.949951171875,1556467.0
2023-11-01,2846.173583984375,2895.300048828125,2983.14990234375,2871.050048828125,2947.449951171875,3875595.0
2023-11-02,2868.586669921875,2918.10009765625,2937.85009765625,2903.199951171875,2935.0,1451606.0
2023-11-03,2861.852783203125,2911.25,2948.050048828125,2905.0,2934.0,1136175.0
2023-11-06,2924.963623046875,2975.449951171875,2979.0,2927.25,2933.0,1235499.0
2023-11-07,2911.0537109375,2961.300048828125,2983.60009765625,2956.10009765625,2970.0,1112206.0
2023-11-08,2945.607177734375,2996.449951171875,3002.75,2961.0,2974.699951171875,1013438.0
2023-11-09,2973.525390625,3024.85009765625,3028.699951171875,2997.0,3003.0,1719911.0
2023-11-10,2981.782958984375,3033.25,3044.0,3005.25,3021.050048828125,947753.0
2023-11-13,2996.774169921875,3048.5,3054.35009765625,3031.64990234375,3050.0,531769.0
2023-11-15,3012.945068359375,3064.949951171875,3071.050048828125,3055.0,3062.35009765625,1160184.0
2023-11-16,2999.379150390625,3051.14990234375,3082.10009765625,3045.0,3057.949951171875,1597607.0
2023-11-17,3056.24755859375,3109.0,3115.449951171875,3045.14990234375,3050.0,1325050.0
2023-11-20,3036.390380859375,3088.800048828125,3111.949951171875,3076.199951171875,3095.10009765625,1231164.0
2023-11-21,3022.67724609375,3074.85009765625,3099.0,3062.449951171875,3088.5,1884782.0
2023-11-22,3030.000732421875,3082.300048828125,3088.64990234375,3062.5,3074.85009765625,1104208.0
2023-11-23,2993.972412109375,3045.64990234375,3088.0,3031.050048828125,3080.0,1514688.0
2023-11-24,3002.426513671875,3054.25,3067.0,3039.60009765625,3050.0,915121.0
2023-11-28,2998.248779296875,3050.0,3059.14990234375,3035.0,3054.0,1210508.0
2023-11-29,3031.426025390625,3083.75,3089.89990234375,3049.0,3050.0,1801107.0
2023-11-30,3056.444091796875,3109.199951171875,3124.550048828125,3058.699951171875,3076.300048828125,3131624.0
2023-12-01,3136.511962890625,3190.64990234375,3197.949951171875,3121.050048828125,3129.949951171875,2112908.0
2023-12-04,3257.326904296875,3313.550048828125,3347.550048828125,3250.0,3285.0,3095974.0
2023-12-05,3259.194580078125,3315.449951171875,3325.0,3279.050048828125,3319.050048828125,1659309.0
2023-12-06,3334.74072265625,3392.300048828125,3401.0,3321.0,3330.0,2057233.0
2023-12-07,3298.66357421875,3355.60009765625,3409.89990234375,3337.050048828125,3392.300048828125,2128823.0
2023-12-08,3321.125732421875,3378.449951171875,3430.0,3366.0,3377.0,2428891.0
2023-12-11,3328.35107421875,3385.800048828125,3405.0,3360.0,3377.949951171875,1534238.0
2023-12-12,3285.687255859375,3342.39990234375,3375.0,3332.0,3375.0,1888423.0
2023-12-13,3342.113525390625,3399.800048828125,3410.0,3346.199951171875,3352.949951171875,1509107.0
2023-12-14,3374.8486328125,3433.10009765625,3440.0,3400.10009765625,3425.949951171875,2425646.0
2023-12-15,3428.81689453125,3488.0,3498.89990234375,3432.85009765625,3435.14990234375,2632935.0
2023-12-18,3432.35595703125,3491.60009765625,3506.0,3466.0,3496.0,1767429.0
2023-12-19,3439.5810546875,3498.949951171875,3525.0,3476.050048828125,3488.949951171875,1311700.0
2023-12-20,3360.49609375,3418.5,3514.60009765625,3412.550048828125,3505.0,1876048.0
2023-12-21,3366.05029296875,3424.14990234375,3439.949951171875,3333.0,3390.050048828125,2292802.0
2023-12-22,3418.937255859375,3477.949951171875,3496.0,3408.60009765625,3424.0,1681707.0
2023-12-26,3430.83203125,3490.050048828125,3508.35009765625,3477.949951171875,3477.949951171875,1072263.0
2023-12-27,3483.86669921875,3544.0,3549.0,3504.14990234375,3510.0,1389266.0
2023-12-28,3458.357177734375,3518.050048828125,3559.949951171875,3500.5,3545.0,3371121.0
2023-12-29,3466.172119140625,3526.0,3540.0,3495.0,3531.0,968577.0
2024-01-01,3465.63134765625,3525.449951171875,3538.0,3496.050048828125,3538.0,777080.0
2024-01-02,3379.763671875,3438.10009765625,3525.449951171875,3432.0,3525.050048828125,1511464.0
2024-01-03,3381.975341796875,3440.35009765625,3465.85009765625,3411.60009765625,3433.0,1283859.0
2024-01-04,3400.013916015625,3458.699951171875,3480.10009765625,3423.0,3441.050048828125,1651616.0
2024-01-05,3462.1416015625,3521.89990234375,3555.0,3460.0,3464.949951171875,2069018.0
2024-01-08,3441.694580078125,3501.10009765625,3559.949951171875,3490.0,3540.0,1993855.0
2024-01-09,3495.61376953125,3555.949951171875,3593.75,3520.10009765625,3527.449951171875,1807271.0
2024-01-10,3485.34130859375,3545.5,3558.949951171875,3520.0,3549.949951171875,1534821.0
2024-01-11,3445.380859375,3504.85009765625,3559.550048828125,3500.550048828125,3545.5,1105348.0
2024-01-12,3508.245849609375,3568.800048828125,3578.64990234375,3494.050048828125,3505.050048828125,1782631.0
2024-01-15,3482.932861328125,3543.050048828125,3605.699951171875,3538.050048828125,3576.10009765625,1783518.0
2024-01-16,3512.865966796875,3573.5,3589.0,3538.0,3548.0,1791818.0
2024-01-17,3510.359375,3570.949951171875,3614.449951171875,3547.699951171875,3555.0,2699076.0
2024-01-18,3534.984375,3596.0,3616.949951171875,3525.0,3570.800048828125,2148898.0
2024-01-19,3584.135986328125,3646.0,3655.85009765625,3603.0,3603.0,1913923.0
2024-01-23,3490.747802734375,3551.0,3661.35009765625,3536.199951171875,3637.60009765625,1742142.0
2024-01-24,3528.2998046875,3589.199951171875,3617.949951171875,3521.699951171875,3570.0,3711521.0
2024-01-25,3532.4775390625,3593.449951171875,3618.25,3564.800048828125,3599.89990234375,2206540.0
2024-01-29,3645.083740234375,3708.0,3733.85009765625,3600.10009765625,3604.0,2072982.0
2024-01-30,3571.651611328125,3633.300048828125,3737.89990234375,3624.89990234375,3715.949951171875,1454989.0
2024-01-31,3420.706787109375,3479.75,3538.0,3387.050048828125,3520.0,9637606.0
2024-02-01,3340.343994140625,3398.0,3493.75,3371.0,3480.0,6149780.0
2024-02-02,3318.766357421875,3376.050048828125,3436.35009765625,3361.0,3402.699951171875,7579802.0
2024-02-05,3285.04833984375,3341.75,3407.949951171875,3318.449951171875,3375.5,2954238.0
2024-02-06,3366.1484375,3424.25,3427.75,3337.550048828125,3346.0,2545192.0
2024-02-07,3337.099853515625,3394.699951171875,3447.0,3389.0,3445.0,2099940.0
2024-02-08,3278.904541015625,3335.5,3417.800048828125,3293.85009765625,3413.0,3471727.0
2024-02-09,3268.140380859375,3324.550048828125,3390.0,3308.949951171875,3336.25,3121873.0
2024-02-12,3243.564453125,3299.550048828125,3339.14990234375,3287.0,3330.0,1922273.0
2024-02-13,3265.14208984375,3321.5,3338.550048828125,3284.10009765625,3312.0,2151493.0
2024-02-14,3252.85400390625,3309.0,3316.949951171875,3263.050048828125,3290.050048828125,2502138.0
2024-02-15,3244.3017578125,3300.300048828125,3321.949951171875,3290.199951171875,3309.0,1999189.0
2024-02-16,3329.28466796875,3386.75,3398.0,3304.050048828125,3304.949951171875,2768329.0
2024-02-19,3283.1806640625,3339.85009765625,3408.0,3335.5,3400.550048828125,1216447.0
2024-02-20,3299.7939453125,3356.75,3367.75,3328.449951171875,3339.85009765625,1578162.0
2024-02-21,3240.4677734375,3296.39990234375,3356.89990234375,3290.050048828125,3356.89990234375,2430672.0
2024-02-22,3306.675048828125,3363.75,3369.0,3276.949951171875,3310.0,2521388.0
2024-02-23,3330.46435546875,3387.949951171875,3399.89990234375,3340.75,3363.75,2107176.0
2024-02-26,3411.26953125,3470.14990234375,3491.64990234375,3393.0,3400.0,4122419.0
2024-02-27,3446.95361328125,3506.449951171875,3512.0,3451.89990234375,3475.0,2122286.0
2024-02-28,3411.318603515625,3470.199951171875,3513.0,3446.14990234375,3505.0,1666903.0
2024-02-29,3418.544189453125,3477.550048828125,3496.0,3436.449951171875,3485.0,2119512.0
2024-03-01,3571.847900390625,3633.5,3658.35009765625,3500.0,3501.64990234375,4407803.0
2024-03-04,3582.6123046875,3644.449951171875,3679.800048828125,3622.050048828125,3670.0,1307501.0
2024-03-05,3551.302734375,3612.60009765625,3644.449951171875,3590.300048828125,3631.199951171875,1981370.0
2024-03-06,3580.400390625,3642.199951171875,3652.449951171875,3586.050048828125,3618.0,1500196.0
2024-03-07,3614.560546875,3676.949951171875,3705.14990234375,3643.25,3660.75,2344401.0
2024-03-11,3578.827880859375,3640.60009765625,3700.0,3631.449951171875,3700.0,1748541.0
2024-03-12,3560.198974609375,3621.64990234375,3672.0,3613.14990234375,3639.050048828125,1470377.0
2024-03-13,3478.50927734375,3538.550048828125,3636.800048828125,3511.89990234375,3634.89990234375,2503293.0
2024-03-14,3546.977294921875,3608.199951171875,3636.0,3522.0,3527.050048828125,4528490.0
2024-03-15,3477.1328125,3537.14990234375,3603.0,3524.050048828125,3598.0,4054210.0
2024-03-18,3500.774658203125,3561.199951171875,3572.199951171875,3526.699951171875,3537.14990234375,1354787.0
2024-03-19,3442.284423828125,3501.699951171875,3549.5,3481.0,3541.0,1447405.0
2024-03-20,3450.148681640625,3509.699951171875,3524.949951171875,3487.75,3502.75,1442811.0
2024-03-21,3499.59521484375,3560.0,3596.0,3525.14990234375,3525.14990234375,2504962.0
2024-03-22,3556.41455078125,3617.800048828125,3647.300048828125,3546.199951171875,3546.199951171875,3020545.0
2024-03-26,3607.8271484375,3670.10009765625,3676.89990234375,3600.0,3605.0,2320963.0
2024-03-27,3643.51123046875,3706.39990234375,3727.199951171875,3670.10009765625,3683.0,2387693.0
2024-03-28,3700.035400390625,3763.89990234375,3813.35009765625,3697.550048828125,3706.550048828125,4278668.0
2024-04-01,3772.878173828125,3838.0,3851.85009765625,3780.85009765625,3780.85009765625,1905190.0
2024-04-02,3742.79736328125,3807.39990234375,3860.0,3771.25,3849.800048828125,3608162.0
2024-04-03,3718.270751953125,3782.449951171875,3799.699951171875,3770.14990234375,3799.699951171875,1684618.0
2024-04-04,3733.409423828125,3797.85009765625,3819.75,3731.050048828125,3804.89990234375,2339529.0
2024-04-05,3679.58837890625,3743.10009765625,3790.0,3716.25,3770.10009765625,1645597.0
2024-04-08,3743.239990234375,3807.85009765625,3819.800048828125,3743.10009765625,3745.0,1083395.0
2024-04-09,3721.0234375,3785.25,3827.949951171875,3775.0,3820.0,1997057.0
2024-04-10,3689.516845703125,3753.199951171875,3800.0,3750.10009765625,3800.0,1951581.0
2024-04-12,3616.82177734375,3679.25,3802.10009765625,3663.5,3749.949951171875,3437544.0
2024-04-15,3539.702880859375,3600.800048828125,3679.85009765625,3586.199951171875,3626.050048828125,1719910.0
2024-04-16,3483.325927734375,3543.449951171875,3598.14990234375,3529.449951171875,3580.050048828125,2291042.0
2024-04-18,3490.69873046875,3550.949951171875,3617.64990234375,3539.699951171875,3561.949951171875,3273257.0
2024-04-19,3458.65185546875,3518.35009765625,3542.89990234375,3472.39990234375,3525.0,2759031.0
2024-04-22,3551.40087890625,3612.699951171875,3620.0,3540.949951171875,3568.75,2605754.0
2024-04-23,3548.89404296875,3610.14990234375,3632.75,3588.0,3632.75,1434580.0
2024-04-24,3573.175048828125,3634.85009765625,3654.949951171875,3601.10009765625,3616.550048828125,1501234.0
2024-04-25,3590.3291015625,3652.300048828125,3666.0,3611.60009765625,3616.10009765625,2420380.0
2024-04-26,3544.0283203125,3605.199951171875,3660.89990234375,3585.0,3652.0,1973113.0
2024-04-29,3572.634521484375,3634.300048828125,3649.89990234375,3605.199951171875,3606.10009765625,1396979.0
2024-04-30,3533.313232421875,3594.300048828125,3648.949951171875,3584.050048828125,3639.0,1571996.0
2024-05-02,3538.425048828125,3599.5,3634.14990234375,3576.050048828125,3590.050048828125,3748847.0
2024-05-03,3440.416748046875,3499.800048828125,3622.0,3488.449951171875,3610.0,4079696.0
2024-05-06,3404.5361328125,3463.300048828125,3527.0,3441.10009765625,3522.800048828125,2614667.0
2024-05-07,3369.58935546875,3427.75,3496.0,3425.0,3479.39990234375,3376013.0
2024-05-08,3427.6865234375,3486.85009765625,3497.39990234375,3367.800048828125,3429.0,4116670.0
2024-05-09,3219.873291015625,3275.449951171875,3377.0,3266.64990234375,3312.75,12120574.0
2024-05-10,3215.941162109375,3271.449951171875,3306.14990234375,3234.60009765625,3281.60009765625,4132191.0
2024-05-13,3237.961181640625,3293.85009765625,3315.0,3225.199951171875,3267.050048828125,3557067.0
2024-05-14,3322.108642578125,3379.449951171875,3384.89990234375,3293.39990234375,3300.0,2870328.0
2024-05-15,3353.418212890625,3411.300048828125,3417.39990234375,3353.14990234375,3390.0,2718682.0
2024-05-16,3401.8818359375,3460.60009765625,3468.5,3378.699951171875,3428.949951171875,3398714.0
2024-05-17,3392.198974609375,3450.75,3475.949951171875,3412.14990234375,3475.949951171875,2676919.0
2024-05-21,3382.565185546875,3440.949951171875,3470.300048828125,3434.0,3458.0,2100848.0
2024-05-22,3402.127685546875,3460.85009765625,3472.699951171875,3435.050048828125,3450.050048828125,1409992.0
2024-05-23,3524.56396484375,3585.39990234375,3601.64990234375,3455.0,3460.89990234375,4525637.0
2024-05-24,3564.376953125,3625.89990234375,3659.0,3582.300048828125,3586.0,2740360.0
2024-05-27,3590.033935546875,3652.0,3695.0,3600.0,3644.89990234375,2570708.0
2024-05-28,3596.12890625,3658.199951171875,3685.25,3646.050048828125,3652.0,1440187.0
2024-05-29,3573.1259765625,3634.800048828125,3661.85009765625,3610.35009765625,3611.0,1506146.0
2024-05-30,3573.027587890625,3634.699951171875,3643.949951171875,3607.75,3626.050048828125,2701849.0
2024-05-31,3607.040771484375,3669.300048828125,3744.800048828125,3636.39990234375,3636.39990234375,6432341.0
2024-06-03,3831.0244140625,3897.14990234375,3919.89990234375,3801.10009765625,3855.39990234375,5767666.0
2024-06-04,3345.45556640625,3403.199951171875,3898.0,3320.0,3852.0,9920882.0
2024-06-05,3351.157470703125,3409.0,3441.5,3175.050048828125,3441.5,10372458.0
2024-06-06,3423.45947265625,3482.550048828125,3538.199951171875,3385.300048828125,3438.0,8374602.0
2024-06-07,3472.561767578125,3532.5,3548.0,3446.0,3465.050048828125,5879660.0
2024-06-10,3483.620849609375,3543.75,3585.0,3521.050048828125,3521.050048828125,3151257.0
2024-06-11,3537.638427734375,3598.699951171875,3639.0,3551.199951171875,3570.0,2548176.0
2024-06-12,3568.702392578125,3630.300048828125,3648.949951171875,3578.0,3615.0,2242274.0
2024-06-13,3640.8076171875,3703.64990234375,3715.89990234375,3635.0,3665.5,2965500.0
2024-06-14,3625.226806640625,3687.800048828125,3720.0,3675.0,3718.0,1746508.0
2024-06-18,3626.602783203125,3689.199951171875,3710.0,3675.0,3708.0,1936792.0
2024-06-19,3529.037109375,3589.949951171875,3699.0,3575.0,3690.0,2936151.0
2024-06-20,3561.236572265625,3594.449951171875,3613.300048828125,3564.60009765625,3584.949951171875,2618715.0
2024-06-21,3502.336181640625,3535.0,3610.0,3516.0,3604.050048828125,4508508.0
2024-06-24,3498.967529296875,3531.60009765625,3567.0,3505.0,3520.35009765625,2330559.0
2024-06-25,3554.648193359375,3587.800048828125,3591.949951171875,3528.0,3556.5,2158039.0
2024-06-26,3569.658203125,3602.949951171875,3624.89990234375,3592.25,3601.0,2480187.0
2024-06-27,3531.46435546875,3564.39990234375,3601.300048828125,3550.0,3597.449951171875,5519875.0
2024-06-28,3515.66162109375,3548.449951171875,3575.949951171875,3538.10009765625,3540.0,3141514.0
2024-07-01,3493.964111328125,3526.550048828125,3541.39990234375,3514.0,3535.199951171875,2961120.0
2024-07-02,3592.990478515625,3626.5,3634.0,3535.050048828125,3535.050048828125,5087748.0
2024-07-03,3580.952880859375,3614.35009765625,3650.5,3605.0,3650.35009765625,1923801.0
2024-07-04,3540.2822265625,3573.300048828125,3644.0,3565.800048828125,3616.10009765625,1851947.0
2024-07-05,3593.634521484375,3627.14990234375,3638.0,3568.0,3573.300048828125,1635209.0
2024-07-08,3598.439697265625,3632.0,3645.699951171875,3594.0,3640.10009765625,1706210.0
2024-07-09,3632.224853515625,3666.10009765625,3685.0,3646.10009765625,3650.0,2425176.0
2024-07-10,3616.322998046875,3650.050048828125,3694.0,3601.0,3685.050048828125,2231438.0
2024-07-11,3587.640625,3621.10009765625,3684.60009765625,3603.0,3660.0,2942924.0
2024-07-12,3615.629638671875,3649.35009765625,3667.699951171875,3612.699951171875,3630.0,2001185.0
2024-07-15,3617.858642578125,3651.60009765625,3674.0,3637.0,3670.0,943302.0
2024-07-16,3602.94775390625,3636.550048828125,3651.60009765625,3621.0,3646.10009765625,2220953.0
2024-07-18,3622.416015625,3656.199951171875,3679.25,3598.64990234375,3640.0,3240772.0
2024-07-19,3585.064453125,3618.5,3658.949951171875,3610.0,3651.0,2432533.0
2024-07-22,3617.7099609375,3651.449951171875,3661.85009765625,3567.60009765625,3617.89990234375,3639057.0
2024-07-23,3505.35791015625,3538.050048828125,3714.0,3460.0,3669.60009765625,6957691.0
2024-07-24,3486.9296875,3519.449951171875,3557.949951171875,3501.0,3549.0,3184060.0
2024-07-25,3585.70849609375,3619.14990234375,3630.89990234375,3532.050048828125,3539.0,4691483.0
2024-07-26,3645.89697265625,3679.89990234375,3701.0,3596.10009765625,3629.0,2617659.0
2024-07-29,3740.06884765625,3774.949951171875,3790.0,3686.60009765625,3701.0,4159919.0
2024-07-30,3749.67919921875,3784.64990234375,3795.0,3738.60009765625,3774.85009765625,1979989.0
2024-07-31,3779.748779296875,3815.0,3822.0,3763.10009765625,3777.050048828125,2703636.0
2024-08-01,3744.378662109375,3779.300048828125,3838.949951171875,3765.85009765625,3810.0,1998663.0
2024-08-02,3631.828369140625,3665.699951171875,3748.89990234375,3657.10009765625,3730.35009765625,2512525.0
2024-08-05,3495.400634765625,3528.0,3607.89990234375,3511.5,3597.0,2900685.0
2024-08-06,3543.1552734375,3576.199951171875,3634.89990234375,3546.0,3548.0,2125532.0
2024-08-07,3604.632080078125,3638.25,3655.75,3610.35009765625,3630.0,1613097.0
2024-08-08,3520.714599609375,3553.550048828125,3628.75,3547.449951171875,3621.0,2038088.0
2024-08-09,3558.85888671875,3592.050048828125,3605.550048828125,3575.699951171875,3600.0,848232.0
2024-08-12,3538.944580078125,3571.949951171875,3611.0,3563.0,3579.0,1965035.0
2024-08-13,3518.98095703125,3551.800048828125,3607.0,3545.199951171875,3580.0,1316218.0
2024-08-14,3512.441650390625,3545.199951171875,3578.699951171875,3536.5,3558.949951171875,1584372.0
2024-08-16,3535.3779296875,3568.35009765625,3580.89990234375,3533.0,3578.0,2808865.0
2024-08-19,3522.200927734375,3555.050048828125,3599.89990234375,3547.0,3599.85009765625,1898535.0
2024-08-20,3539.687744140625,3572.699951171875,3580.0,3548.0,3562.0,1285569.0
2024-08-21,3562.822021484375,3596.050048828125,3615.300048828125,3581.89990234375,3590.0,1714248.0
2024-08-22,3573.17529296875,3606.5,3612.14990234375,3583.949951171875,3607.050048828125,1734927.0
2024-08-23,3565.298828125,3598.550048828125,3622.0,3587.050048828125,3606.5,1825180.0
2024-08-26,3608.248291015625,3641.89990234375,3648.0,3594.699951171875,3611.0,1606911.0
2024-08-27,3668.486328125,3702.699951171875,3737.0,3636.0,3642.64990234375,3315435.0
2024-08-28,3654.962646484375,3689.050048828125,3724.39990234375,3685.0,3705.0,1278175.0
2024-08-29,3649.414306640625,3683.449951171875,3710.0,3651.550048828125,3690.5,2165489.0
2024-08-30,3670.41845703125,3704.64990234375,3745.0,3666.39990234375,3718.35009765625,2592912.0
2024-09-02,3649.067626953125,3683.10009765625,3721.949951171875,3666.35009765625,3706.0,1277813.0
2024-09-03,3656.05224609375,3690.14990234375,3713.949951171875,3666.89990234375,3693.949951171875,1211993.0
2024-09-04,3617.066162109375,3650.800048828125,3681.0,3631.10009765625,3650.0,1930121.0
2024-09-05,3590.662109375,3624.14990234375,3668.0,3608.39990234375,3668.0,2958770.0
2024-09-06,3541.71875,3574.75,3623.800048828125,3536.199951171875,3615.10009765625,3096557.0
2024-09-09,3545.236083984375,3578.300048828125,3594.0,3553.85009765625,3584.0,1454589.0
2024-09-10,3562.9208984375,3596.14990234375,3625.0,3571.0,3585.0,1203483.0
2024-09-11,3504.26806640625,3536.949951171875,3603.949951171875,3516.39990234375,3595.0,1865165.0
2024-09-12,3588.5322265625,3622.0,3638.050048828125,3534.0,3558.0,3751523.0
2024-09-13,3579.615234375,3613.0,3634.75,3600.050048828125,3622.0,1752455.0
2024-09-16,3628.41015625,3662.25,3670.0,3613.0,3619.14990234375,1045964.0
2024-09-17,3661.0556640625,3695.199951171875,3705.0,3659.699951171875,3668.0,1289060.0
2024-09-18,3695.97998046875,3730.449951171875,3757.949951171875,3684.199951171875,3689.0,2249929.0
2024-09-19,3649.662109375,3683.699951171875,3750.39990234375,3674.0,3750.0,1711564.0
2024-09-20,3758.84375,3793.89990234375,3809.89990234375,3680.25,3700.0,5401701.0
2024-09-23,3752.700927734375,3787.699951171875,3838.800048828125,3749.0,3800.0,1937874.0
2024-09-24,3756.565185546875,3791.60009765625,3831.800048828125,3775.0,3787.699951171875,2676546.0
2024-09-25,3758.79443359375,3793.85009765625,3813.199951171875,3778.0,3787.550048828125,2113862.0
2024-09-26,3727.386962890625,3762.14990234375,3802.949951171875,3736.39990234375,3801.0,2750597.0
2024-09-27,3671.4091796875,3705.64990234375,3738.0,3651.0,3738.0,4095425.0
2024-09-30,3641.58740234375,3675.550048828125,3715.64990234375,3665.0,3699.0,1837697.0
2024-10-01,3619.7412109375,3653.5,3724.0,3639.35009765625,3667.0,1674100.0
2024-10-03,3465.3310546875,3497.64990234375,3617.0,3485.39990234375,3582.5,5315877.0
2024-10-04,3461.665283203125,3493.949951171875,3553.550048828125,3468.5,3515.0,3445879.0
2024-10-07,3436.302001953125,3468.35009765625,3512.949951171875,3429.0,3505.0,2304227.0
2024-10-08,3499.760009765625,3532.39990234375,3538.5,3469.0,3492.949951171875,2249452.0
2024-10-09,3454.878662109375,3487.10009765625,3557.699951171875,3481.0,3542.050048828125,1645791.0
2024-10-10,3428.3759765625,3460.35009765625,3554.89990234375,3455.5,3515.0,2686116.0
2024-10-11,3450.370849609375,3482.550048828125,3497.10009765625,3447.0,3469.39990234375,1280465.0
2024-10-14,3522.200927734375,3555.050048828125,3573.85009765625,3501.300048828125,3510.0,1974378.0
2024-10-15,3519.079833984375,3551.89990234375,3570.0,3520.14990234375,3570.0,1231552.0
2024-10-16,3499.958251953125,3532.60009765625,3581.89990234375,3513.550048828125,3550.0,1961835.0
2024-10-17,3537.31005859375,3570.300048828125,3583.0,3521.800048828125,3549.89990234375,2968537.0
2024-10-18,3544.74072265625,3577.800048828125,3592.449951171875,3540.25,3569.949951171875,2102609.0
2024-10-21,3552.468505859375,3585.60009765625,3621.949951171875,3571.300048828125,3580.0,1750549.0
2024-10-22,3479.449462890625,3511.89990234375,3591.64990234375,3500.0,3585.0,1363574.0
2024-10-23,3423.471435546875,3455.39990234375,3513.949951171875,3443.0,3501.050048828125,2125268.0
2024-10-24,3410.83935546875,3442.64990234375,3474.60009765625,3416.75,3444.0,1924421.0
2024-10-25,3295.66357421875,3326.39990234375,3435.0,3315.050048828125,3425.0,3236774.0
2024-10-28,3309.9306640625,3340.800048828125,3373.0,3262.550048828125,3316.0,2991674.0
2024-10-29,3349.659912109375,3380.89990234375,3384.39990234375,3316.0,3316.0,2253467.0
2024-10-30,3376.8564453125,3408.35009765625,3438.39990234375,3353.0,3379.949951171875,1785128.0
2024-10-31,3588.829345703125,3622.300048828125,3654.949951171875,3508.35009765625,3530.0,7637083.0
2024-11-01,3592.842041015625,3626.35009765625,3641.89990234375,3620.0,3624.949951171875,212796.0
2024-11-04,3541.42138671875,3574.449951171875,3624.949951171875,3530.89990234375,3624.949951171875,1724189.0
2024-11-05,3541.768310546875,3574.800048828125,3585.0,3541.89990234375,3556.0,1251506.0
2024-11-06,3611.765380859375,3645.449951171875,3659.89990234375,3557.39990234375,3594.0,1819732.0
2024-11-07,3612.85546875,3646.550048828125,3663.0,3620.0,3647.35009765625,1581009.0
2024-11-08,3626.478271484375,3660.300048828125,3667.0,3620.64990234375,3640.39990234375,1622142.0
2024-11-11,3595.319091796875,3628.85009765625,3661.0,3606.0,3646.0,926127.0
2024-11-12,3558.16552734375,3591.35009765625,3651.0,3580.0,3650.0,1116206.0
2024-11-13,3515.166259765625,3547.949951171875,3604.85009765625,3535.64990234375,3585.0,1568694.0
2024-11-14,3493.6669921875,3526.25,3565.75,3500.14990234375,3558.0,1291765.0
2024-11-18,3509.419921875,3542.14990234375,3568.300048828125,3510.85009765625,3521.10009765625,1233217.0
2024-11-19,3473.5048828125,3505.89990234375,3607.0,3495.0,3559.89990234375,1826460.0
2024-11-21,3451.31201171875,3483.5,3530.550048828125,3452.449951171875,3530.0,1510581.0
2024-11-22,3570.203125,3603.5,3613.5,3473.10009765625,3500.0,2534018.0
2024-11-25,3718.32177734375,3753.0,3761.0,3654.0,3660.0,4753829.0
2024-11-26,3668.387451171875,3702.60009765625,3754.89990234375,3690.0,3754.89990234375,1141534.0
2024-11-27,3664.5234375,3698.699951171875,3720.0,3685.0,3704.0,971816.0
2024-11-28,3632.17529296875,3666.050048828125,3720.5,3648.0,3700.0,2124283.0
2024-11-29,3690.38232421875,3724.800048828125,3750.0,3635.10009765625,3635.10009765625,2094305.0
2024-12-02,3669.823974609375,3704.050048828125,3717.85009765625,3672.89990234375,3706.85009765625,1158369.0
2024-12-03,3752.05712890625,3787.050048828125,3798.85009765625,3701.5,3721.0,3252670.0
2024-12-04,3754.880615234375,3789.89990234375,3835.0,3758.050048828125,3775.0,2510166.0
2024-12-05,3796.14599609375,3831.550048828125,3884.0,3760.0,3810.0,2765170.0
2024-12-06,3830.970947265625,3866.699951171875,3883.949951171875,3800.0,3832.0,1856562.0
2024-12-09,3910.826416015625,3947.300048828125,3959.0,3867.5,3867.5,3332753.0
2024-12-10,3886.8994140625,3923.14990234375,3963.5,3901.300048828125,3955.0,2349493.0
2024-12-11,3880.55859375,3916.75,3947.64990234375,3902.0,3923.14990234375,1237958.0
2024-12-12,3824.23388671875,3859.89990234375,3959.0,3846.949951171875,3930.0,1899867.0
2024-12-13,3851.08349609375,3887.0,3898.0,3794.199951171875,3859.0,2300361.0
2024-12-16,3842.01806640625,3877.85009765625,3914.39990234375,3857.25,3882.0,918660.0
2024-12-17,3772.020751953125,3807.199951171875,3875.39990234375,3797.0,3863.050048828125,1690180.0
2024-12-18,3723.424072265625,3758.14990234375,3819.0,3745.0,3807.199951171875,1318341.0
2024-12-19,3682.010498046875,3716.35009765625,3762.199951171875,3700.0,3702.14990234375,1856838.0
2024-12-20,3596.309814453125,3629.85009765625,3725.0,3607.10009765625,3716.35009765625,2796593.0
2024-12-23,3606.861328125,3640.5,3700.0,3617.050048828125,3670.0,1217612.0
2024-12-24,3606.1181640625,3639.75,3679.0,3632.39990234375,3647.949951171875,627922.0
2024-12-26,3595.962890625,3629.5,3665.14990234375,3610.35009765625,3658.0,1124705.0
2024-12-27,3574.7607421875,3608.10009765625,3643.64990234375,3603.5,3632.39990234375,1309122.0
2024-12-30,3545.8798828125,3578.949951171875,3623.0,3566.0,3607.89990234375,1591690.0
2024-12-31,3574.314697265625,3607.64990234375,3620.60009765625,3550.0,3562.550048828125,1267628.0
2025-01-01,3633.61181640625,3667.5,3689.0,3599.949951171875,3600.0,1202029.0
2025-01-02,3679.186767578125,3713.5,3724.10009765625,3650.050048828125,3676.60009765625,1882900.0
2025-01-03,3626.081787109375,3659.89990234375,3719.89990234375,3651.449951171875,3708.0,1290107.0
2025-01-06,3569.90576171875,3603.199951171875,3692.25,3585.5,3684.75,1212012.0
2025-01-07,3609.635498046875,3643.300048828125,3649.85009765625,3595.699951171875,3607.10009765625,1453540.0
2025-01-08,3563.119384765625,3596.35009765625,3663.85009765625,3590.0,3662.0,1813201.0
2025-01-09,3495.301513671875,3527.89990234375,3606.300048828125,3486.0,3599.89990234375,2921681.0
2025-01-10,3503.475341796875,3536.14990234375,3552.199951171875,3492.300048828125,3499.949951171875,1794238.0
2025-01-13,3432.289306640625,3464.300048828125,3534.5,3448.60009765625,3505.550048828125,2137212.0
2025-01-14,3430.605224609375,3462.60009765625,3491.949951171875,3448.60009765625,3465.85009765625,2924491.0
2025-01-15,3469.04638671875,3501.39990234375,3526.14990234375,3471.300048828125,3471.300048828125,1155446.0
2025-01-16,3475.486328125,3507.89990234375,3543.449951171875,3483.75,3535.0,2305460.0
2025-01-17,3535.675048828125,3568.64990234375,3579.85009765625,3511.949951171875,3524.0,1600246.0
2025-01-20,3559.800048828125,3593.0,3617.14990234375,3556.5,3574.89990234375,1593334.0
2025-01-21,3508.3798828125,3541.10009765625,3643.300048828125,3528.10009765625,3612.75,2576596.0
2025-01-22,3485.691162109375,3518.199951171875,3582.35009765625,3490.10009765625,3563.0,1626055.0
2025-01-23,3470.87939453125,3503.25,3527.800048828125,3460.60009765625,3492.0,1993204.0
2025-01-24,3426.24560546875,3458.199951171875,3521.10009765625,3446.050048828125,3514.5,1206454.0
2025-01-27,3425.70068359375,3457.64990234375,3493.89990234375,3401.14990234375,3447.199951171875,1552938.0
2025-01-28,3382.35498046875,3413.89990234375,3482.14990234375,3404.050048828125,3464.949951171875,1657689.0
2025-01-29,3417.82421875,3449.699951171875,3455.0,3412.0,3431.0,1238704.0
2025-01-30,3389.33984375,3420.949951171875,3517.800048828125,3395.0,3455.0,2717740.0
2025-01-31,3534.4365234375,3567.39990234375,3590.0,3481.050048828125,3501.050048828125,3995513.0
2025-02-01,3415.64453125,3447.5,3629.199951171875,3402.0,3578.0,4752505.0
2025-02-03,3258.80712890625,3289.199951171875,3420.0,3270.0,3420.0,6077580.0
2025-02-04,3407.37158203125,3439.14990234375,3449.0,3307.25,3316.0,4742516.0
2025-02-05,3351.938720703125,3383.199951171875,3450.949951171875,3379.449951171875,3444.64990234375,2670316.0
2025-02-06,3321.77001953125,3352.75,3404.0,3342.699951171875,3404.0,2874856.0
2025-02-07,3306.06640625,3336.89990234375,3369.949951171875,3311.10009765625,3367.0,1722789.0
2025-02-10,3297.892578125,3328.64990234375,3349.0,3294.050048828125,3347.800048828125,1236663.0
2025-02-11,3209.715087890625,3239.64990234375,3361.0,3231.0,3360.949951171875,2593537.0
2025-02-12,3259.2529296875,3289.64990234375,3300.0,3222.25,3259.0,1632415.0
2025-02-13,3233.493408203125,3263.64990234375,3314.89990234375,3252.949951171875,3289.64990234375,2127644.0
2025-02-14,3207.733642578125,3237.64990234375,3285.800048828125,3221.550048828125,3275.050048828125,1378340.0
2025-02-17,3192.079833984375,3221.85009765625,3239.39990234375,3194.550048828125,3213.550048828125,1966689.0
2025-02-18,3190.395263671875,3220.14990234375,3241.0,3183.0,3227.0,2428215.0
2025-02-19,3245.630126953125,3275.89990234375,3302.85009765625,3211.60009765625,3220.14990234375,1677978.0
2025-02-20,3245.53125,3275.800048828125,3285.449951171875,3247.75,3260.050048828125,1236693.0
2025-02-21,3284.468017578125,3315.10009765625,3324.89990234375,3270.89990234375,3275.800048828125,1706850.0
2025-02-24,3227.598388671875,3257.699951171875,3325.5,3250.0,3289.699951171875,1512844.0
2025-02-25,3196.092041015625,3225.89990234375,3248.949951171875,3206.39990234375,3233.0,2529084.0
2025-02-27,3179.84375,3209.5,3258.5,3184.0,3238.0,2572065.0
2025-02-28,3134.61572265625,3163.85009765625,3199.800048828125,3141.0,3199.800048828125,2494680.0
2025-03-03,3167.756591796875,3197.300048828125,3227.0,3160.0,3165.949951171875,1352460.0
2025-03-04,3183.311279296875,3213.0,3221.0,3167.800048828125,3171.050048828125,1442098.0
2025-03-05,3209.715087890625,3239.64990234375,3245.0,3187.85009765625,3213.0,1945855.0
2025-03-06,3229.77783203125,3259.89990234375,3266.449951171875,3215.0,3250.10009765625,1854837.0
2025-03-07,3214.718505859375,3244.699951171875,3289.0,3240.10009765625,3259.89990234375,930240.0
2025-03-10,3148.337646484375,3177.699951171875,3246.300048828125,3169.050048828125,3246.0,1777752.0
2025-03-11,3165.923583984375,3195.449951171875,3204.39990234375,3161.10009765625,3170.300048828125,1274649.0
2025-03-12,3164.14013671875,3193.64990234375,3221.949951171875,3153.050048828125,3205.0,1360149.0
2025-03-13,3157.848876953125,3187.300048828125,3233.14990234375,3178.050048828125,3202.25,1414376.0
2025-03-17,3144.126708984375,3173.449951171875,3240.050048828125,3159.0,3190.0,2805790.0
2025-03-18,3144.126708984375,3173.449951171875,3173.449951171875,3173.449951171875,3173.449951171875,0.0
2025-03-19,3288.876953125,3319.550048828125,3326.60009765625,3268.5,3275.0,1616312.0
2025-03-20,3320.0859375,3351.050048828125,3358.89990234375,3276.89990234375,3335.25,2434722.0
2025-03-21,3384.385986328125,3415.949951171875,3455.0,3332.75,3357.0,3042073.0
2025-03-24,3449.67724609375,3481.85009765625,3517.0,3446.0,3449.0,1955564.0
2025-03-25,3437.54052734375,3469.60009765625,3525.0,3435.35009765625,3505.0,4235900.0
2025-03-26,3412.969482421875,3444.800048828125,3496.800048828125,3418.5,3473.0,2315715.0
2025-03-27,3469.244873046875,3501.60009765625,3528.0,3451.0,3460.0,3467864.0
2025-03-28,3460.03076171875,3492.300048828125,3514.0,3472.550048828125,3509.89990234375,1348143.0
2025-04-01,3405.04345703125,3436.800048828125,3501.60009765625,3430.0,3480.0,1935147.0
2025-04-02,3388.299560546875,3419.89990234375,3457.75,3408.0,3433.0,1338839.0
2025-04-03,3388.547119140625,3420.14990234375,3463.0,3393.0,3400.0,1200631.0
2025-04-04,3230.025634765625,3260.14990234375,3403.800048828125,3237.300048828125,3400.0,2366979.0
2025-04-07,3040.146484375,3068.5,3090.60009765625,2965.300048828125,3049.050048828125,4953864.0
2025-04-08,3131.89111328125,3161.10009765625,3193.89990234375,3092.699951171875,3124.949951171875,2877816.0
2025-04-09,3025.92919921875,3054.14990234375,3158.800048828125,3048.0,3158.800048828125,4451381.0
2025-04-11,3087.158203125,3115.949951171875,3157.0,3100.14990234375,3114.0,3979116.0
2025-04-15,3227.499267578125,3257.60009765625,3272.0,3176.10009765625,3180.0,2161492.0
2025-04-16,3197.87548828125,3227.699951171875,3276.800048828125,3224.10009765625,3270.0,1578260.0
2025-04-17,3217.29443359375,3247.300048828125,3249.89990234375,3162.39990234375,3214.10009765625,3209331.0
2025-04-21,3250.187744140625,3280.5,3290.0,3225.10009765625,3249.5,1643003.0
2025-04-22,3227.697509765625,3257.800048828125,3285.0,3248.0,3280.0,2060322.0
2025-04-23,3270.498291015625,3301.0,3315.0,3266.699951171875,3275.39990234375,2381699.0
2025-04-24,3270.10205078125,3300.60009765625,3307.0,3280.0,3307.0,1993448.0
2025-04-25,3241.865478515625,3272.10009765625,3335.699951171875,3230.10009765625,3310.0,2004819.0
2025-04-28,3296.55517578125,3327.300048828125,3350.800048828125,3254.800048828125,3260.0,1689485.0
2025-04-29,3291.6015625,3322.300048828125,3376.39990234375,3315.0,3335.0,1843861.0
2025-04-30,3310.128662109375,3341.0,3355.0,3303.300048828125,3324.0,1930714.0
2025-05-02,3304.0849609375,3334.89990234375,3374.89990234375,3325.0,3325.0,1411889.0
2025-05-05,3299.428466796875,3330.199951171875,3350.0,3300.699951171875,3350.0,1947332.0
2025-05-06,3303.193359375,3334.0,3353.0,3302.800048828125,3346.0,1695516.0
2025-05-07,3290.709716796875,3321.39990234375,3339.800048828125,3284.10009765625,3332.0,2422707.0
2025-05-08,3293.1865234375,3323.89990234375,3366.0,3299.800048828125,3310.10009765625,3204333.0
2025-05-09,3412.07763671875,3443.89990234375,3477.0,3331.0,3331.0,5637694.0
2025-05-12,3554.0537109375,3587.199951171875,3602.800048828125,3490.0,3513.0,3147384.0
2025-05-13,3534.040283203125,3567.0,3606.0,3545.0,3587.199951171875,2374439.0
2025-05-14,3540.084228515625,3573.10009765625,3617.0,3567.0,3587.0,2440116.0
2025-05-15,3584.767333984375,3618.199951171875,3648.699951171875,3543.0,3594.0,3720879.0
2025-05-16,3571.39208984375,3604.699951171875,3642.0,3600.0,3642.0,1278520.0
2025-05-19,3566.93359375,3600.199951171875,3619.89990234375,3587.0,3604.699951171875,1519244.0
2025-05-20,3534.8330078125,3567.800048828125,3634.0,3556.0,3630.0,1532347.0
2025-05-21,3555.837158203125,3589.0,3610.5,3555.0,3565.699951171875,1563885.0
2025-05-22,3518.58447265625,3551.39990234375,3592.0,3536.89990234375,3585.0,1597159.0
2025-05-23,3566.63623046875,3599.89990234375,3631.60009765625,3551.199951171875,3570.0,1119217.0
2025-05-26,3614.9853515625,3648.699951171875,3672.5,3608.39990234375,3615.800048828125,1678934.0
2025-05-27,3606.365966796875,3640.0,3665.0,3603.0,3648.699951171875,2013954.0
2025-05-28,3612.607666015625,3646.300048828125,3663.0,3620.0,3660.0,1293244.0
2025-05-29,3621.5244140625,3655.300048828125,3668.89990234375,3618.0,3663.89990234375,1972248.0
2025-05-30,3641.1416015625,3675.10009765625,3695.300048828125,3654.5,3655.300048828125,2571304.0
2025-06-02,3645.60009765625,3679.60009765625,3697.300048828125,3605.60009765625,3675.10009765625,1954517.0
2025-06-03,3644.800048828125,3644.800048828125,3669.199951171875,3615.300048828125,3655.0,2472483.0
2025-06-04,3626.5,3626.5,3661.699951171875,3615.300048828125,3645.0,1086783.0
2025-06-05,3642.60009765625,3642.60009765625,3677.39990234375,3612.0,3629.89990234375,1466416.0
2025-06-06,3656.300048828125,3656.300048828125,3667.0,3623.0,3645.0,1172711.0
2025-06-09,3678.89990234375,3678.89990234375,3708.89990234375,3662.199951171875,3664.0,898170.0
2025-06-10,3679.800048828125,3679.800048828125,3704.0,3667.199951171875,3704.0,1454535.0
2025-06-11,3684.800048828125,3684.800048828125,3692.0,3656.10009765625,3689.89990234375,1265737.0
2025-06-12,3603.89990234375,3603.89990234375,3708.0,3585.0,3684.800048828125,2335718.0
2025-06-13,3587.39990234375,3587.39990234375,3596.0,3485.89990234375,3501.199951171875,1981445.0
2025-06-16,3628.699951171875,3628.699951171875,3653.699951171875,3561.800048828125,3575.5,1322630.0
2025-06-17,3622.300048828125,3622.300048828125,3627.60009765625,3602.0,3622.0,930603.0
2025-06-18,3601.5,3601.5,3639.10009765625,3587.199951171875,3622.0,743311.0
2025-06-19,3621.10009765625,3621.10009765625,3643.0,3591.10009765625,3607.0,1580819.0
2025-06-20,3662.0,3662.0,3669.89990234375,3614.0,3614.0,2575277.0
2025-06-23,3583.699951171875,3583.699951171875,3660.0,3574.60009765625,3645.0,1867977.0
2025-06-24,3604.800048828125,3604.800048828125,3684.0,3597.0,3637.10009765625,2751637.0
2025-06-25,3619.800048828125,3619.800048828125,3642.0,3608.89990234375,3640.0,1405262.0
2025-06-26,3659.60009765625,3659.60009765625,3669.0,3620.10009765625,3620.10009765625,2578926.0
2025-06-27,3679.199951171875,3679.199951171875,3731.39990234375,3665.0,3665.0,2720600.0
2025-06-30,3669.800048828125,3669.800048828125,3717.5,3652.699951171875,3682.0,1508882.0
2025-07-01,3666.699951171875,3666.699951171875,3678.89990234375,3645.0,3669.800048828125,1054380.0
2025-07-02,3596.800048828125,3596.800048828125,3674.199951171875,3583.89990234375,3666.60009765625,1330176.0
2025-07-03,3582.89990234375,3582.89990234375,3625.0,3576.0,3605.0,1229034.0
2025-07-04,3594.60009765625,3594.60009765625,3600.0,3570.10009765625,3590.0,696402.0
2025-07-07,3581.39990234375,3581.39990234375,3609.800048828125,3575.10009765625,3599.89990234375,719539.0
2025-07-08,3606.39990234375,3606.39990234375,3614.0,3560.0,3580.0,1513912.0
2025-07-09,3579.699951171875,3579.699951171875,3605.10009765625,3568.199951171875,3605.0,1008876.0
2025-07-10,3574.699951171875,3574.699951171875,3589.89990234375,3569.0,3575.0,1063910.0
2025-07-11,3540.60009765625,3540.60009765625,3586.60009765625,3535.5,3575.0,1439747.0
2025-07-14,3495.89990234375,3495.89990234375,3548.699951171875,3488.0,3540.60009765625,1358844.0
2025-07-15,3494.0,3494.0,3521.0,3481.699951171875,3519.0,1585193.0
2025-07-16,3503.800048828125,3503.800048828125,3516.0,3477.0,3504.0,1266964.0
2025-07-17,3474.0,3474.0,3515.0,3467.5,3515.0,2217275.0
2025-07-18,3464.800048828125,3464.800048828125,3499.0,3450.0,3489.0,1818696.0
2025-07-21,3502.800048828125,3502.800048828125,3508.10009765625,3444.89990234375,3467.60009765625,1521623.0
2025-07-22,3464.60009765625,3464.60009765625,3507.60009765625,3454.10009765625,3502.0,2586522.0
2025-07-23,3484.89990234375,3484.89990234375,3490.0,3458.60009765625,3476.199951171875,1192261.0
2025-07-24,3477.5,3477.5,3493.39990234375,3461.0,3484.89990234375,1083671.0
2025-07-25,3442.89990234375,3442.89990234375,3477.0,3437.39990234375,3470.0,1338744.0
2025-07-28,3422.199951171875,3422.199951171875,3446.10009765625,3405.10009765625,3430.10009765625,2256080.0
2025-07-29,3495.60009765625,3495.60009765625,3504.300048828125,3406.5,3418.0,1241060.0
2025-07-30,3665.10009765625,3665.10009765625,3685.300048828125,3590.0,3622.0,8760659.0
2025-07-31,3636.5,3636.5,3662.89990234375,3621.0,3625.0,1927627.0
2025-08-01,3587.300048828125,3587.300048828125,3636.0,3578.10009765625,3636.0,1205945.0
2025-08-04,3631.10009765625,3631.10009765625,3636.800048828125,3577.0,3595.199951171875,1033049.0
2025-08-05,3652.60009765625,3652.60009765625,3657.699951171875,3608.300048828125,3630.0,1158433.0
2025-08-06,3628.39990234375,3628.39990234375,3671.0,3622.199951171875,3650.0,931383.0
2025-08-07,3641.60009765625,3641.60009765625,3649.0,3599.199951171875,3610.300048828125,1211790.0
2025-08-08,3607.60009765625,3607.60009765625,3662.300048828125,3600.0,3641.60009765625,1337067.0
2025-08-11,3668.39990234375,3668.39990234375,3676.89990234375,3600.0,3610.0,1822410.0
2025-08-12,3686.10009765625,3686.10009765625,3727.89990234375,3673.10009765625,3680.0,2280103.0
2025-08-13,3693.699951171875,3693.699951171875,3716.0,3681.300048828125,3696.0,1227196.0
2025-08-14,3677.0,3677.0,3708.5,3641.699951171875,3700.0,1769702.0
2025-08-18,3635.10009765625,3635.10009765625,3701.5,3621.699951171875,3699.0,1950151.0
2025-08-19,3613.0,3613.0,3654.0,3608.199951171875,3648.89990234375,1352944.0
2025-08-20,3592.300048828125,3592.300048828125,3619.89990234375,3580.0,3613.5,1325096.0
2025-08-21,3612.60009765625,3612.60009765625,3648.0,3588.0,3599.0,1624009.0
2025-08-22,3595.800048828125,3595.800048828125,3634.5,3582.0,3610.0,1060447.0
2025-08-25,3603.10009765625,3603.10009765625,3617.89990234375,3584.300048828125,3616.0,980393.0
2025-08-26,3541.300048828125,3541.300048828125,3600.0,3531.0,3599.0,1787363.0
2025-08-27,3541.300048828125,3541.300048828125,3541.300048828125,3541.300048828125,3541.300048828125,0.0
2025-08-28,3560.10009765625,3560.10009765625,3576.89990234375,3537.199951171875,3540.0,1695226.0
2025-08-29,3601.0,3601.0,3615.0,3540.199951171875,3575.60009765625,1678055.0
2025-09-01,3598.39990234375,3598.39990234375,3628.60009765625,3581.89990234375,3601.0,1094155.0
2025-09-02,3574.89990234375,3574.89990234375,3619.89990234375,3560.0,3598.39990234375,1230950.0
2025-09-03,3600.800048828125,3600.800048828125,3606.300048828125,3560.0,3594.0,1314831.0
2025-09-04,3592.60009765625,3592.60009765625,3624.89990234375,3572.5,3622.89990234375,1434998.0
2025-09-05,3553.60009765625,3553.60009765625,3609.10009765625,3549.10009765625,3592.800048828125,830812.0
